id,parent_id,subreddit,created_utc,ups,downs,gilded
cfzd63b,t3_202wd3,funny,1394492645.0,10532,0,1
cfzhsdw,t1_cfzd63b,funny,1394502411.0,34,0,0
cfzkf45,t1_cfzhsdw,funny,1394508059.0,27,0,0
cfzj4o6,t1_cfzd63b,funny,1394505196.0,159,0,0
cfzhopb,t1_cfzd63b,funny,1394502209.0,737,0,0
cfzdlam,t1_cfzd63b,funny,1394493545.0,2515,0,0
cfzgo7r,t1_cfzdlam,funny,1394500045.0,1455,0,0
cfzj8fm,t1_cfzgo7r,funny,1394505419.0,652,0,0
cfzgjvg,t1_cfzd63b,funny,1394499786.0,1391,0,0
cg23ihq,t3_202wd3,funny,1394760527.0,766,0,0
civa2tk,t1_cg23ihq,funny,1405150909.0,132,0,0
cfzb3b7,t3_202wd3,funny,1394488244.0,3887,0,0
cfzd23i,t1_cfzb3b7,funny,1394492415.0,53,0,0
cfzcofv,t1_cfzb3b7,funny,1394491610.0,156,0,0
cfzdyii,t1_cfzcofv,funny,1394494322.0,20,0,0
cfzdbd9,t1_cfzb3b7,funny,1394492957.0,123,0,0
cfzc486,t1_cfzb3b7,funny,1394490399.0,2462,0,0
cfzcoh3,t1_cfzc486,funny,1394491611.0,376,0,0
cfzbt6e,t1_cfzb3b7,funny,1394489748.0,1389,0,0
cfzd51q,t1_cfzbt6e,funny,1394492586.0,394,0,0
cfzfvxc,t1_cfzd51q,funny,1394498373.0,95,0,0
cfzd6mm,t1_cfzbt6e,funny,1394492678.0,355,0,0
cfzbfun,t3_202wd3,funny,1394488973.0,6934,0,0
cfzd5na,t1_cfzbfun,funny,1394492620.0,945,0,0
cfzdo3o,t1_cfzbfun,funny,1394493715.0,1521,0,0
cfze5kx,t1_cfzdo3o,funny,1394494743.0,836,0,0
cfzf78v,t1_cfze5kx,funny,1394496947.0,257,0,0
cfzfnqq,t1_cfzf78v,funny,1394497896.0,506,0,0
cfzg1h9,t1_cfzfnqq,funny,1394498703.0,211,0,0
cfzcjy6,t1_cfzbfun,funny,1394491340.0,4543,0,0
cfzcw9u,t1_cfzcjy6,funny,1394492070.0,143,0,0
cfzd5e6,t1_cfzcjy6,funny,1394492605.0,147,0,0
cfzht2n,t1_cfzd5e6,funny,1394502447.0,19,0,0
cfzcwqz,t1_cfzcjy6,funny,1394492098.0,4052,0,0
cfzdajf,t1_cfzcwqz,funny,1394492909.0,188,0,0
cfze4et,t1_cfzdajf,funny,1394494677.0,344,0,0
cfzdxcg,t1_cfzcwqz,funny,1394494256.0,94,0,0
cfzd7e7,t1_cfzcwqz,funny,1394492724.0,3850,0,0
cfzddm1,t1_cfzd7e7,funny,1394493092.0,2051,0,0
cfzdoy2,t1_cfzddm1,funny,1394493765.0,143,0,0
cfzdlbs,t1_cfzddm1,funny,1394493548.0,310,0,0
cfzdfjc,t1_cfzddm1,funny,1394493205.0,747,0,0
cfzdvqd,t1_cfzdfjc,funny,1394494166.0,1284,0,0
cfzd7to,t1_cfzcwqz,funny,1394492750.0,437,0,0
cfzdkew,t1_cfzd7to,funny,1394493495.0,501,0,0
cfze3o0,t1_cfzdkew,funny,1394494634.0,130,0,0
cfzefrz,t1_cfze3o0,funny,1394495346.0,74,0,0
cjamcta,t3_202wd3,funny,1406599961.0,916,0,0
ck6qttk,t1_cjamcta,funny,1409624145.0,72,0,0
cfzckwn,t3_202wd3,funny,1394491399.0,3319,0,0
cfzddwf,t1_cfzckwn,funny,1394493107.0,546,0,0
cfzdain,t1_cfzckwn,funny,1394492908.0,440,0,0
cfzdocr,t1_cfzdain,funny,1394493729.0,280,0,0
cfze30q,t1_cfzdocr,funny,1394494594.0,59,0,0
cfze43r,t1_cfzdocr,funny,1394494659.0,134,0,0
cfzedtn,t1_cfze43r,funny,1394495229.0,85,0,0
cfzeyxb,t1_cfzckwn,funny,1394496468.0,785,0,0
cfzeon2,t1_cfzckwn,funny,1394495872.0,5355,0,2
cfzfsfw,t1_cfzeon2,funny,1394498166.0,562,0,0
cfzfdp6,t1_cfzeon2,funny,1394497322.0,236,0,0
cfzj17s,t1_cfzfdp6,funny,1394504991.0,23,0,0
cfzkgom,t1_cfzj17s,funny,1394508158.0,27,0,0
cfzey61,t1_cfzeon2,funny,1394496424.0,1970,0,0
cfzf3jz,t1_cfzey61,funny,1394496738.0,311,0,0
cfzcp9g,t3_202wd3,funny,1394491656.0,1292,0,0
cfzdx8z,t1_cfzcp9g,funny,1394494251.0,19,0,0
cfzdo46,t1_cfzcp9g,funny,1394493716.0,50,0,0
cfzd944,t1_cfzcp9g,funny,1394492826.0,67,0,0
cfzfdnf,t1_cfzd944,funny,1394497320.0,41,0,0
cfze3l4,t1_cfzcp9g,funny,1394494629.0,599,0,0
cfzcxme,t3_202wd3,funny,1394492152.0,947,0,0
cfzdltc,t1_cfzcxme,funny,1394493576.0,807,0,0
cfzfl7b,t1_cfzdltc,funny,1394497746.0,30,0,0
cfzetr3,t1_cfzdltc,funny,1394496171.0,215,0,0
cfzcvv2,t3_202wd3,funny,1394492045.0,561,0,0
cfzdr0o,t1_cfzcvv2,funny,1394493891.0,82,0,0
cfzflsc,t1_cfzcvv2,funny,1394497780.0,163,0,0
cfzg4in,t1_cfzflsc,funny,1394498886.0,1129,0,0
cfzlbpx,t1_cfzg4in,funny,1394510218.0,34,0,0
cfzikt5,t1_cfzg4in,funny,1394504020.0,71,0,0
cfzbs6h,t3_202wd3,funny,1394489689.0,2566,0,0
cfzdz2z,t1_cfzbs6h,funny,1394494356.0,21,0,0
cfzd86f,t1_cfzbs6h,funny,1394492771.0,140,0,0
cfzdke3,t1_cfzd86f,funny,1394493494.0,105,0,0
cfzczup,t1_cfzbs6h,funny,1394492283.0,244,0,0
cfzcs7d,t1_cfzbs6h,funny,1394491826.0,1498,0,0
cfzekqc,t1_cfzcs7d,funny,1394495640.0,75,0,0
cfzdh8q,t1_cfzcs7d,funny,1394493304.0,484,0,0
cfzbqvs,t3_202wd3,funny,1394489616.0,2214,0,0
cfzcucg,t1_cfzbqvs,funny,1394491954.0,193,0,0
cfzd9q4,t1_cfzcucg,funny,1394492861.0,521,0,0
cfzekdn,t1_cfzd9q4,funny,1394495620.0,216,0,0
cfzfag6,t1_cfzekdn,funny,1394497134.0,77,0,0
cfze8sc,t1_cfzbqvs,funny,1394494926.0,226,0,0
cfzcvua,t1_cfzbqvs,funny,1394492044.0,115,0,0
cfzc3qo,t1_cfzbqvs,funny,1394490372.0,1173,0,0
cfzco0c,t1_cfzc3qo,funny,1394491582.0,459,0,0
cfziu8l,t3_202wd3,funny,1394504568.0,174,0,0
cfzc0o5,t3_202wd3,funny,1394490190.0,1779,0,0
cfzd4ke,t1_cfzc0o5,funny,1394492559.0,485,0,0
cfzdg8l,t1_cfzd4ke,funny,1394493245.0,865,0,0
cfzdpb8,t1_cfzdg8l,funny,1394493787.0,149,0,0
cfzcmj7,t1_cfzc0o5,funny,1394491495.0,1254,0,0
cfzcuyn,t1_cfzcmj7,funny,1394491991.0,851,0,0
cfzd0vu,t1_cfzcuyn,funny,1394492343.0,224,0,0
cfzbfej,t3_202wd3,funny,1394488947.0,502,0,0
cfzbvhi,t3_202wd3,funny,1394489888.0,557,0,0
cfzdsyb,t1_cfzbvhi,funny,1394494003.0,395,0,0
ckalheh,t3_202wd3,funny,1409984845.0,101,0,0
ckas8ad,t1_ckalheh,funny,1410016422.0,33,0,0
cfzckd6,t3_202wd3,funny,1394491366.0,207,0,0
cfze0us,t1_cfzckd6,funny,1394494460.0,20,0,0
cfzbagf,t3_202wd3,funny,1394488660.0,188,0,0
cfzcprm,t3_202wd3,funny,1394491684.0,5257,0,1
cfzd66k,t1_cfzcprm,funny,1394492651.0,96,0,0
cfzefmo,t1_cfzcprm,funny,1394495338.0,378,0,0
cfzl8nn,t1_cfzefmo,funny,1394510008.0,206,0,0
cg1zf52,t1_cfzl8nn,funny,1394751070.0,28,0,0
cfzdklo,t1_cfzcprm,funny,1394493506.0,105,0,0
cfzd94h,t1_cfzcprm,funny,1394492827.0,2517,0,0
cfzdm7u,t1_cfzd94h,funny,1394493599.0,211,0,0
cfzdnf0,t1_cfzdm7u,funny,1394493671.0,78,0,0
cfzdxik,t1_cfzdnf0,funny,1394494267.0,22,0,0
cfzdwnl,t1_cfzdnf0,funny,1394494218.0,88,0,0
cfze06u,t1_cfzdwnl,funny,1394494421.0,95,0,0
cfzdr0b,t1_cfzd94h,funny,1394493890.0,4972,0,2
cfzejtl,t1_cfzdr0b,funny,1394495585.0,47,0,0
cfzecog,t1_cfzdr0b,funny,1394495162.0,20,0,0
cfzesiy,t1_cfzdr0b,funny,1394496101.0,243,0,0
cfze3o1,t1_cfzdr0b,funny,1394494634.0,1857,0,0
cfzfiff,t1_cfze3o1,funny,1394497590.0,404,0,0
cfzg6q6,t1_cfzfiff,funny,1394499017.0,521,0,0
cfzgaa3,t1_cfzg6q6,funny,1394499224.0,462,0,0
cfzhg3q,t1_cfzgaa3,funny,1394501704.0,29,0,0
cfzegp0,t1_cfzdr0b,funny,1394495401.0,1026,0,0
cfzf007,t1_cfzegp0,funny,1394496531.0,28,0,0
cfzeyrs,t1_cfzegp0,funny,1394496459.0,930,0,0
cfzfy83,t1_cfzeyrs,funny,1394498513.0,40,0,0
cfzfhhh,t1_cfzeyrs,funny,1394497537.0,453,0,0
cfzfv0y,t1_cfzfhhh,funny,1394498318.0,312,0,0
cfzgo3l,t1_cfzfv0y,funny,1394500037.0,119,0,0
cfzp9xj,t1_cfzgo3l,funny,1394526217.0,30,0,0
cfzigpd,t1_cfzgo3l,funny,1394503802.0,40,0,0
cfza3rk,t3_202wd3,funny,1394486216.0,2542,0,1
cfzcpaa,t1_cfza3rk,funny,1394491657.0,202,0,0
cfzd4bx,t1_cfzcpaa,funny,1394492546.0,59,0,0
cfza5oc,t1_cfza3rk,funny,1394486326.0,2366,0,1
cfzcnpa,t1_cfza5oc,funny,1394491565.0,1235,0,0
cfzd5en,t1_cfzcnpa,funny,1394492605.0,145,0,0
cfzdwlk,t1_cfzd5en,funny,1394494215.0,128,0,0
cfze7iz,t1_cfzdwlk,funny,1394494854.0,30,0,0
cfzd38a,t1_cfzcnpa,funny,1394492481.0,788,0,0
cfzdbz4,t1_cfzd38a,funny,1394492992.0,219,0,0
ckaylrr,t3_202wd3,funny,1410031305.0,51,0,0
cfzcei9,t3_202wd3,funny,1394491014.0,222,0,0
cfzd6zg,t1_cfzcei9,funny,1394492699.0,33,0,0
cfzawt4,t3_202wd3,funny,1394487871.0,5699,0,2
cfzd2hn,t1_cfzawt4,funny,1394492437.0,85,0,0
cfzc6p3,t1_cfzawt4,funny,1394490548.0,492,0,0
cfzd58o,t1_cfzc6p3,funny,1394492597.0,178,0,0
cfzd90f,t1_cfzd58o,funny,1394492820.0,39,0,0
cfzcl57,t1_cfzc6p3,funny,1394491414.0,997,0,0
cfzcren,t1_cfzcl57,funny,1394491780.0,179,0,0
cfzd2xg,t1_cfzcren,funny,1394492463.0,140,0,0
cfzdcqa,t1_cfzd2xg,funny,1394493037.0,69,0,0
cfzdq4m,t1_cfzawt4,funny,1394493836.0,598,0,0
cfzclrx,t1_cfzawt4,funny,1394491450.0,253,0,0
cfzd9v2,t1_cfzclrx,funny,1394492869.0,177,0,0
cfzegom,t1_cfzd9v2,funny,1394495401.0,15,0,0
cfzd401,t1_cfzclrx,funny,1394492528.0,263,0,0
cfzdi2m,t1_cfzd401,funny,1394493355.0,152,0,0
cfzdihr,t1_cfzd401,funny,1394493380.0,75,0,0
cfzd6ri,t1_cfzawt4,funny,1394492686.0,486,0,0
cfzd4yh,t1_cfzawt4,funny,1394492581.0,340,0,0
cfzdrf5,t1_cfzd4yh,funny,1394493913.0,182,0,0
cfzd5li,t1_cfzawt4,funny,1394492618.0,5861,0,2
cfzdnz1,t1_cfzd5li,funny,1394493707.0,59,0,0
cfzbd29,t3_202wd3,funny,1394488812.0,292,0,0
cfze6j0,t3_202wd3,funny,1394494796.0,667,0,0
cfzew5l,t1_cfze6j0,funny,1394496313.0,106,0,0
cfzgmt9,t1_cfze6j0,funny,1394499959.0,285,0,0
cfzcb9k,t3_202wd3,funny,1394490818.0,113,0,0
cfzckdl,t3_202wd3,funny,1394491366.0,155,0,0
cfzcz8r,t1_cfzckdl,funny,1394492247.0,131,0,0
cfzdehd,t1_cfzcz8r,funny,1394493142.0,25,0,0
cfzcyjf,t1_cfzckdl,funny,1394492205.0,361,0,0
cfzdtlw,t1_cfzcyjf,funny,1394494040.0,100,0,0
cfzav9l,t3_202wd3,funny,1394487786.0,619,0,0
cfzb4pi,t1_cfzav9l,funny,1394488326.0,261,0,0
cfzd0nl,t1_cfzb4pi,funny,1394492330.0,17,0,0
cfzcb9o,t1_cfzb4pi,funny,1394490819.0,223,0,0
cfzcie6,t1_cfzcb9o,funny,1394491249.0,110,0,0
cfzce5y,t3_202wd3,funny,1394490992.0,432,0,0
cfzdbk1,t1_cfzce5y,funny,1394492967.0,272,0,1
cfzaw9i,t3_202wd3,funny,1394487840.0,338,0,0
cfzdhid,t1_cfzaw9i,funny,1394493321.0,124,0,0
cfze4ct,t1_cfzdhid,funny,1394494674.0,18,0,0
cfzduat,t1_cfzdhid,funny,1394494080.0,36,0,0
