id,parent_id,subreddit,author,created_utc,ups,downs,gilded
cfzd63b,t3_202wd3,funny,Whoopinstick,1394492645.0,10535,0,1
cfzhsdw,t1_cfzd63b,funny,R2d2fu,1394502411.0,38,0,0
cfzkf45,t1_cfzhsdw,funny,kyril99,1394508059.0,26,0,0
cfzj4o6,t1_cfzd63b,funny,IPoopYouPoop,1394505196.0,159,0,0
cfzhopb,t1_cfzd63b,funny,thegoodsyo,1394502209.0,735,0,0
cfzdlam,t1_cfzd63b,funny,src88,1394493545.0,2515,0,0
cfzgo7r,t1_cfzdlam,funny,bronky,1394500045.0,1455,0,0
cfzj8fm,t1_cfzgo7r,funny,,1394505419.0,649,0,0
cfzgjvg,t1_cfzd63b,funny,simon_C,1394499786.0,1392,0,0
cg23ihq,t3_202wd3,funny,MyIxxx,1394760527.0,765,0,0
civa2tk,t1_cg23ihq,funny,Dragonborn1995,1405150909.0,135,0,0
cfzb3b7,t3_202wd3,funny,,1394488244.0,3898,0,0
cfzd23i,t1_cfzb3b7,funny,Telemarketeer,1394492415.0,53,0,0
cfzcofv,t1_cfzb3b7,funny,absolute_panic,1394491610.0,155,0,0
cfzdyii,t1_cfzcofv,funny,skarphace,1394494322.0,21,0,0
cfzdbd9,t1_cfzb3b7,funny,BladeDancer190,1394492957.0,123,0,0
cfzc486,t1_cfzb3b7,funny,citizen_coping,1394490399.0,2460,0,0
cfzcoh3,t1_cfzc486,funny,neagrosk,1394491611.0,371,0,0
cfzbt6e,t1_cfzb3b7,funny,laliloleelee,1394489748.0,1383,0,0
cfzd51q,t1_cfzbt6e,funny,andsoitgoes42,1394492586.0,389,0,0
cfzfvxc,t1_cfzd51q,funny,Actinopterygii,1394498373.0,91,0,0
cfzd6mm,t1_cfzbt6e,funny,weekendlush,1394492678.0,350,0,0
cfzbfun,t3_202wd3,funny,flash_memory,1394488973.0,6936,0,0
cfzd5na,t1_cfzbfun,funny,,1394492620.0,939,0,0
cfzdo3o,t1_cfzbfun,funny,bigcalal,1394493715.0,1527,0,0
cfze5kx,t1_cfzdo3o,funny,the_chandler,1394494743.0,836,0,0
cfzf78v,t1_cfze5kx,funny,NYer44,1394496947.0,257,0,0
cfzfnqq,t1_cfzf78v,funny,OffensiveTroll,1394497896.0,503,0,0
cfzg1h9,t1_cfzfnqq,funny,helium_farts,1394498703.0,212,0,0
cfzcjy6,t1_cfzbfun,funny,MacHaggis,1394491340.0,4543,0,0
cfzcw9u,t1_cfzcjy6,funny,RabidVVombat,1394492070.0,140,0,0
cfzd5e6,t1_cfzcjy6,funny,GoonCommaThe,1394492605.0,142,0,0
cfzht2n,t1_cfzd5e6,funny,MarisaStoleMyBike,1394502447.0,19,0,0
cfzcwqz,t1_cfzcjy6,funny,DraugrMurderboss,1394492098.0,4055,0,0
cfzdajf,t1_cfzcwqz,funny,Loading----------,1394492909.0,192,0,0
cfze4et,t1_cfzdajf,funny,sir-lags-a-lot,1394494677.0,345,0,0
cfzdxcg,t1_cfzcwqz,funny,Misaniovent,1394494256.0,94,0,0
cfzd7e7,t1_cfzcwqz,funny,,1394492724.0,3848,0,0
cfzddm1,t1_cfzd7e7,funny,sharpie32,1394493092.0,2056,0,0
cfzdoy2,t1_cfzddm1,funny,Lord_Vectron,1394493765.0,150,0,0
cfzdlbs,t1_cfzddm1,funny,ctusk423,1394493548.0,311,0,0
cfzdfjc,t1_cfzddm1,funny,Akira_kj,1394493205.0,747,0,0
cfzdvqd,t1_cfzdfjc,funny,Bluicoq,1394494166.0,1283,0,0
cfzd7to,t1_cfzcwqz,funny,,1394492750.0,439,0,0
cfzdkew,t1_cfzd7to,funny,LaboratoryManiac,1394493495.0,503,0,0
cfze3o0,t1_cfzdkew,funny,Kazzerscout,1394494634.0,134,0,0
cfzefrz,t1_cfze3o0,funny,atheistpiece,1394495346.0,77,0,0
cjamcta,t3_202wd3,funny,beachedwhale2,1406599961.0,914,0,0
ck6qttk,t1_cjamcta,funny,ProfessionalMartian,1409624145.0,75,0,0
cfzckwn,t3_202wd3,funny,ULTIMATE_PUNCH_,1394491399.0,3320,0,0
cfzddwf,t1_cfzckwn,funny,newgabe,1394493107.0,543,0,0
cfzdain,t1_cfzckwn,funny,YungLean600,1394492908.0,438,0,0
cfzdocr,t1_cfzdain,funny,aMillionLasers,1394493729.0,281,0,0
cfze30q,t1_cfzdocr,funny,freshkicks,1394494594.0,56,0,0
cfze43r,t1_cfzdocr,funny,,1394494659.0,136,0,0
cfzedtn,t1_cfze43r,funny,SwervinWithBalotelli,1394495229.0,85,0,0
cfzeyxb,t1_cfzckwn,funny,Encyclopedia_Ham,1394496468.0,787,0,0
cfzeon2,t1_cfzckwn,funny,geoffreythehamster,1394495872.0,5354,0,2
cfzfsfw,t1_cfzeon2,funny,maxlanman,1394498166.0,562,0,0
cfzfdp6,t1_cfzeon2,funny,lowbread,1394497322.0,240,0,0
cfzj17s,t1_cfzfdp6,funny,Opsys,1394504991.0,22,0,0
cfzkgom,t1_cfzj17s,funny,XanderHD,1394508158.0,27,0,0
cfzey61,t1_cfzeon2,funny,,1394496424.0,1965,0,0
cfzf3jz,t1_cfzey61,funny,ShallowBasketcase,1394496738.0,315,0,0
cfzcp9g,t3_202wd3,funny,imspmn,1394491656.0,1290,0,0
cfzdx8z,t1_cfzcp9g,funny,Zyvexal,1394494251.0,23,0,0
cfzdo46,t1_cfzcp9g,funny,Theorex,1394493716.0,42,0,0
cfzd944,t1_cfzcp9g,funny,sceptical_dick,1394492826.0,63,0,0
cfzfdnf,t1_cfzd944,funny,starrfucker,1394497320.0,36,0,0
cfze3l4,t1_cfzcp9g,funny,exitstrateG,1394494629.0,605,0,0
cfzcxme,t3_202wd3,funny,neckbeard_paragon,1394492152.0,948,0,0
cfzdltc,t1_cfzcxme,funny,Calimariae,1394493576.0,804,0,0
cfzfl7b,t1_cfzdltc,funny,quick_loris,1394497746.0,29,0,0
cfzetr3,t1_cfzdltc,funny,theRagingEwok,1394496171.0,220,0,0
cfzcvv2,t3_202wd3,funny,,1394492045.0,563,0,0
cfzdr0o,t1_cfzcvv2,funny,VisualizeWhirledPeas,1394493891.0,81,0,0
cfzflsc,t1_cfzcvv2,funny,Kevinlynam,1394497780.0,171,0,0
cfzg4in,t1_cfzflsc,funny,Silent-G,1394498886.0,1121,0,0
cfzlbpx,t1_cfzg4in,funny,czhunc,1394510218.0,33,0,0
cfzikt5,t1_cfzg4in,funny,jackslimz,1394504020.0,66,0,0
cfzbs6h,t3_202wd3,funny,TheStabbingHobo,1394489689.0,2571,0,0
cfzdz2z,t1_cfzbs6h,funny,shiftdnb,1394494356.0,22,0,0
cfzd86f,t1_cfzbs6h,funny,FapsMcGee,1394492771.0,142,0,0
cfzdke3,t1_cfzd86f,funny,SetYourGoals,1394493494.0,108,0,0
cfzczup,t1_cfzbs6h,funny,Sortech,1394492283.0,242,0,0
cfzcs7d,t1_cfzbs6h,funny,Haacker45,1394491826.0,1499,0,0
cfzekqc,t1_cfzcs7d,funny,pantsfactory,1394495640.0,78,0,0
cfzdh8q,t1_cfzcs7d,funny,Costner_Facts,1394493304.0,481,0,0
cfzbqvs,t3_202wd3,funny,Purveyor_Of_Asses,1394489616.0,2211,0,0
cfzcucg,t1_cfzbqvs,funny,,1394491954.0,196,0,0
cfzd9q4,t1_cfzcucg,funny,el___diablo,1394492861.0,530,0,0
cfzekdn,t1_cfzd9q4,funny,,1394495620.0,218,0,0
cfzfag6,t1_cfzekdn,funny,YourKingIsHere,1394497134.0,77,0,0
cfze8sc,t1_cfzbqvs,funny,IRageAlot,1394494926.0,225,0,0
cfzcvua,t1_cfzbqvs,funny,,1394492044.0,115,0,0
cfzc3qo,t1_cfzbqvs,funny,xxiCPTN,1394490372.0,1173,0,0
cfzco0c,t1_cfzc3qo,funny,,1394491582.0,453,0,0
cfziu8l,t3_202wd3,funny,mdk8400,1394504568.0,173,0,0
cfzc0o5,t3_202wd3,funny,Terboh,1394490190.0,1779,0,0
cfzd4ke,t1_cfzc0o5,funny,risto1116,1394492559.0,479,0,0
cfzdg8l,t1_cfzd4ke,funny,thursdayaug22,1394493245.0,872,0,0
cfzdpb8,t1_cfzdg8l,funny,Kendrich,1394493787.0,148,0,0
cfzcmj7,t1_cfzc0o5,funny,absolute_panic,1394491495.0,1256,0,0
cfzcuyn,t1_cfzcmj7,funny,JHole04,1394491991.0,848,0,0
cfzd0vu,t1_cfzcuyn,funny,,1394492343.0,224,0,0
cfzbfej,t3_202wd3,funny,AIRmike1877,1394488947.0,500,0,0
cfzbvhi,t3_202wd3,funny,jake_newton,1394489888.0,557,0,0
cfzdsyb,t1_cfzbvhi,funny,Platypussy,1394494003.0,389,0,0
ckalheh,t3_202wd3,funny,ParticularJoker,1409984845.0,98,0,0
ckas8ad,t1_ckalheh,funny,Grzechooo,1410016422.0,39,0,0
cfzckd6,t3_202wd3,funny,FaroutIGE,1394491366.0,211,0,0
cfze0us,t1_cfzckd6,funny,,1394494460.0,20,0,0
cfzbagf,t3_202wd3,funny,tacothecat,1394488660.0,182,0,0
cfzcprm,t3_202wd3,funny,Glamourgangster,1394491684.0,5264,0,1
cfzd66k,t1_cfzcprm,funny,Js63999,1394492651.0,100,0,0
cfzefmo,t1_cfzcprm,funny,restricteddata,1394495338.0,378,0,0
cfzl8nn,t1_cfzefmo,funny,AskMrScience,1394510008.0,206,0,0
cg1zf52,t1_cfzl8nn,funny,bharatpatel89,1394751070.0,29,0,0
cfzdklo,t1_cfzcprm,funny,Lowbacca1977,1394493506.0,104,0,0
cfzd94h,t1_cfzcprm,funny,darth_chez,1394492827.0,2523,0,0
cfzdm7u,t1_cfzd94h,funny,,1394493599.0,208,0,0
cfzdnf0,t1_cfzdm7u,funny,darth_chez,1394493671.0,77,0,0
cfzdxik,t1_cfzdnf0,funny,CUNT_SHITTER,1394494267.0,22,0,0
cfzdwnl,t1_cfzdnf0,funny,,1394494218.0,84,0,0
cfze06u,t1_cfzdwnl,funny,betreyal,1394494421.0,93,0,0
cfzdr0b,t1_cfzd94h,funny,RamsesThePigeon,1394493890.0,4970,0,2
cfzejtl,t1_cfzdr0b,funny,Ramiroj08,1394495585.0,48,0,0
cfzecog,t1_cfzdr0b,funny,JJFirehawk,1394495162.0,22,0,0
cfzesiy,t1_cfzdr0b,funny,WildcaRD7,1394496101.0,242,0,0
cfze3o1,t1_cfzdr0b,funny,Lyonguard,1394494634.0,1860,0,0
cfzfiff,t1_cfze3o1,funny,Vaderex1,1394497590.0,408,0,0
cfzg6q6,t1_cfzfiff,funny,crazyei8hts,1394499017.0,517,0,0
cfzgaa3,t1_cfzg6q6,funny,RamsesThePigeon,1394499224.0,461,0,0
cfzhg3q,t1_cfzgaa3,funny,Deggit,1394501704.0,30,0,0
cfzegp0,t1_cfzdr0b,funny,,1394495401.0,1026,0,0
cfzf007,t1_cfzegp0,funny,puremanbird,1394496531.0,27,0,0
cfzeyrs,t1_cfzegp0,funny,Sayis,1394496459.0,937,0,0
cfzfy83,t1_cfzeyrs,funny,callddit,1394498513.0,37,0,0
cfzfhhh,t1_cfzeyrs,funny,DeCoYDownUnder,1394497537.0,453,0,0
cfzfv0y,t1_cfzfhhh,funny,Jungle2266,1394498318.0,321,0,0
cfzgo3l,t1_cfzfv0y,funny,Zygg,1394500037.0,121,0,0
cfzp9xj,t1_cfzgo3l,funny,DimlightHero,1394526217.0,29,0,0
cfzigpd,t1_cfzgo3l,funny,timberwolvesguy,1394503802.0,39,0,0
cfza3rk,t3_202wd3,funny,CaneFanMitch,1394486216.0,2542,0,1
cfzcpaa,t1_cfza3rk,funny,fts_17,1394491657.0,199,0,0
cfzd4bx,t1_cfzcpaa,funny,astickywhale,1394492546.0,65,0,0
cfza5oc,t1_cfza3rk,funny,OB1FBM,1394486326.0,2360,0,1
cfzcnpa,t1_cfza5oc,funny,BlondeGirlTinyBrain,1394491565.0,1229,0,0
cfzd5en,t1_cfzcnpa,funny,GreyAgency,1394492605.0,144,0,0
cfzdwlk,t1_cfzd5en,funny,lothlorien5454,1394494215.0,132,0,0
cfze7iz,t1_cfzdwlk,funny,legionfresh,1394494854.0,29,0,0
cfzd38a,t1_cfzcnpa,funny,sommerz,1394492481.0,790,0,0
cfzdbz4,t1_cfzd38a,funny,Bold_N_ANGRY,1394492992.0,218,0,0
ckaylrr,t3_202wd3,funny,bobbythecorky,1410031305.0,54,0,0
cfzcei9,t3_202wd3,funny,slythekid,1394491014.0,218,0,0
cfzd6zg,t1_cfzcei9,funny,RickHate,1394492699.0,37,0,0
cfzawt4,t3_202wd3,funny,ClaudioRules,1394487871.0,5704,0,2
cfzd2hn,t1_cfzawt4,funny,immameoba,1394492437.0,87,0,0
cfzc6p3,t1_cfzawt4,funny,,1394490548.0,493,0,0
cfzd58o,t1_cfzc6p3,funny,ZincHead,1394492597.0,179,0,0
cfzd90f,t1_cfzd58o,funny,ronnoc55,1394492820.0,37,0,0
cfzcl57,t1_cfzc6p3,funny,GiraffePaper,1394491414.0,998,0,0
cfzcren,t1_cfzcl57,funny,rosiedoes,1394491780.0,177,0,0
cfzd2xg,t1_cfzcren,funny,xisytenin,1394492463.0,137,0,0
cfzdcqa,t1_cfzd2xg,funny,slightly_inaccurate,1394493037.0,69,0,0
cfzdq4m,t1_cfzawt4,funny,groovyJABRONI,1394493836.0,600,0,0
cfzclrx,t1_cfzawt4,funny,dudstur,1394491450.0,259,0,0
cfzd9v2,t1_cfzclrx,funny,exthere,1394492869.0,173,0,0
cfzegom,t1_cfzd9v2,funny,statikstasis,1394495401.0,15,0,0
cfzd401,t1_cfzclrx,funny,Rebar_Bryant,1394492528.0,268,0,0
cfzdi2m,t1_cfzd401,funny,Animatedreality,1394493355.0,152,0,0
cfzdihr,t1_cfzd401,funny,,1394493380.0,74,0,0
cfzd6ri,t1_cfzawt4,funny,EKtoker,1394492686.0,485,0,0
cfzd4yh,t1_cfzawt4,funny,yourmomspubichair,1394492581.0,340,0,0
cfzdrf5,t1_cfzd4yh,funny,megustadotjpg,1394493913.0,182,0,0
cfzd5li,t1_cfzawt4,funny,AvengerAdam,1394492618.0,5859,0,2
cfzdnz1,t1_cfzd5li,funny,,1394493707.0,60,0,0
cfzbd29,t3_202wd3,funny,kenzieone,1394488812.0,296,0,0
cfze6j0,t3_202wd3,funny,OB1FBM,1394494796.0,666,0,0
cfzew5l,t1_cfze6j0,funny,,1394496313.0,104,0,0
cfzgmt9,t1_cfze6j0,funny,Tanphant,1394499959.0,285,0,0
cfzcb9k,t3_202wd3,funny,lonewolf504,1394490818.0,110,0,0
cfzckdl,t3_202wd3,funny,Raptorrye15,1394491366.0,153,0,0
cfzcz8r,t1_cfzckdl,funny,Gigabeto,1394492247.0,130,0,0
cfzdehd,t1_cfzcz8r,funny,t00th_pick,1394493142.0,23,0,0
cfzcyjf,t1_cfzckdl,funny,RabidVVombat,1394492205.0,358,0,0
cfzdtlw,t1_cfzcyjf,funny,friday6700,1394494040.0,95,0,0
cfzav9l,t3_202wd3,funny,Thehealeroftri,1394487786.0,620,0,0
cfzb4pi,t1_cfzav9l,funny,Boner4SCP106,1394488326.0,264,0,0
cfzd0nl,t1_cfzb4pi,funny,SlightlyAmbiguous,1394492330.0,18,0,0
cfzcb9o,t1_cfzb4pi,funny,flirtydodo,1394490819.0,223,0,0
cfzcie6,t1_cfzcb9o,funny,NedryOS,1394491249.0,113,0,0
cfzce5y,t3_202wd3,funny,trampus1,1394490992.0,434,0,0
cfzdbk1,t1_cfzce5y,funny,GadTheCreator,1394492967.0,271,0,1
cfzaw9i,t3_202wd3,funny,Lellux,1394487840.0,341,0,0
cfzdhid,t1_cfzaw9i,funny,Batman010,1394493321.0,124,0,0
cfze4ct,t1_cfzdhid,funny,,1394494674.0,22,0,0
cfzduat,t1_cfzdhid,funny,lasthorizon25,1394494080.0,37,0,0
cfzbnrz,t3_202wd3,funny,awe300,1394489436.0,236,0,0
cfzc0l1,t1_cfzbnrz,funny,OB1FBM,1394490185.0,176,0,0
cfzi7nk,t3_202wd3,funny,Imthemayor,1394503278.0,14,0,0
cfzb0zr,t3_202wd3,funny,SoundHound,1394488110.0,77,0,0
cfzfv47,t1_cfzb0zr,funny,,1394498324.0,11,0,0
cfzcz85,t3_202wd3,funny,W00KIEL0VER,1394492246.0,61,0,0
cfzf0lq,t1_cfzcz85,funny,AdventureSphere,1394496566.0,37,0,0
cfzgie0,t3_202wd3,funny,UnreasonableDoubter,1394499696.0,12,0,0
cjvgp2s,t3_202wd3,funny,Friendofabook,1408536800.0,48,0,0
cj90yok,t3_202wd3,funny,,1406451944.0,26,0,0
cfzca8d,t3_202wd3,funny,akirawalrus,1394490759.0,24,0,0
cjgds54,t3_202wd3,funny,CumNuggetz,1407138298.0,11,0,0
cfzd1tz,t3_202wd3,funny,omfgitsmal,1394492399.0,57,0,0
cfzis4p,t1_cfzd1tz,funny,phubans,1394504446.0,22,0,0
cfzd4ft,t3_202wd3,funny,chameleon10,1394492551.0,10,0,0
cj9e14e,t3_202wd3,funny,Sapharodon,1406493090.0,10,0,0
cfzd3z3,t3_202wd3,funny,COPE_V2,1394492526.0,27,0,0
cfzc1n6,t3_202wd3,funny,TheFudgeFactory,1394490249.0,26,0,0
cfzd18f,t1_cfzc1n6,funny,JessieRahl,1394492363.0,42,0,0
cfzdm4j,t1_cfzd18f,funny,Le_Atheist_Fedora,1394493594.0,59,0,0
cfzb3h6,t3_202wd3,funny,,1394488255.0,17,0,0
cfze1vv,t3_202wd3,funny,OneLeggedBandit,1394494524.0,19,0,0
cfzc2ol,t3_202wd3,funny,seathdarcstar,1394490311.0,8,0,0
ck9chjy,t3_202wd3,funny,TunaVincent,1409868885.0,7,0,0
ck9j1b2,t1_ck9chjy,funny,OB1FBM,1409882321.0,93,0,0
ckahatw,t3_202wd3,funny,BanditTom,1409971956.0,39,0,0
ckaqaxj,t1_ckahatw,funny,ikebolaz,1410010585.0,36,0,0
ckaqhtw,t1_ckaqaxj,funny,BanditTom,1410011264.0,14,0,0
cfzbtij,t3_202wd3,funny,SC2TiMeLorD,1394489767.0,20,0,0
cfzcfj3,t3_202wd3,funny,Monkey_Face93,1394491076.0,22,0,0
cfzcenh,t3_202wd3,funny,bp_516,1394491023.0,6,0,0
cfzd325,t3_202wd3,funny,Cletus_VanDamme,1394492470.0,9,0,0
cfze3jy,t3_202wd3,funny,RobsanX,1394494626.0,8,0,0
cfzeez8,t3_202wd3,funny,supreme120,1394495299.0,6,0,0
cfzgha8,t3_202wd3,funny,Route22,1394499628.0,8,0,0
cfzw4iz,t3_202wd3,funny,drumsmcg,1394553915.0,9,0,0
cg046r3,t3_202wd3,funny,jitsbay,1394570854.0,8,0,0
cg3bqt9,t3_202wd3,funny,kazin420,1394904942.0,7,0,0
cjnmpkj,t3_202wd3,funny,AsterJ,1407804684.0,7,0,0
ckasxjz,t3_202wd3,funny,RetroGmr,1410018259.0,9,0,0
cg0jjgk,t3_202wd3,funny,Rubychan11,1394608075.0,23,0,0
cg0joge,t1_cg0jjgk,funny,OB1FBM,1394608754.0,25,0,0
cfzc2d8,t3_202wd3,funny,orderofthehood,1394490293.0,20,0,0
cfzf9mh,t3_202wd3,funny,weedfart,1394497085.0,15,0,0
cg356m7,t1_cfzf9mh,funny,OB1FBM,1394878329.0,11,0,0
cg458uu,t1_cg356m7,funny,weedfart,1394998368.0,10,0,0
cg48vp1,t1_cg458uu,funny,OB1FBM,1395006590.0,9,0,0
cfzcsbc,t3_202wd3,funny,Kalculator,1394491832.0,159,0,0
cfzd4cv,t1_cfzcsbc,funny,,1394492547.0,68,0,0
cfzdgvz,t1_cfzd4cv,funny,Bambikins,1394493282.0,48,0,0
cfzehgi,t1_cfzcsbc,funny,TheDragonzord,1394495447.0,18,0,0
cfzdwdc,t1_cfzcsbc,funny,,1394494203.0,30,0,0
cg3v46r,t3_202wd3,funny,nadiaface,1394964633.0,6,0,0
chb3ckp,t3_202wd3,funny,Radunicycle47,1399398306.0,6,0,0
chin5u2,t3_202wd3,funny,The_Pine,1400165500.0,7,0,0
cjml7sb,t3_202wd3,funny,dre__,1407711766.0,7,0,0
cjtshu9,t3_202wd3,funny,eXX0n,1408386942.0,6,0,0
cfzarfj,t3_202wd3,funny,GoWaitInDaTruck,1394487566.0,9,0,0
cfzchj0,t3_202wd3,funny,velvta,1394491196.0,10,0,0
cfzeck9,t3_202wd3,funny,NorrinRadd4811,1394495156.0,5,0,0
cfzgyhj,t3_202wd3,funny,Neurodrill,1394500654.0,6,0,0
cg46ckx,t3_202wd3,funny,Tekkron,1395000825.0,6,0,0
cgzymr0,t3_202wd3,funny,boardberto,1398267696.0,5,0,0
cjbtoyx,t3_202wd3,funny,ActuallyARaptor,1406705806.0,6,0,0
cjbvqcs,t1_cjbtoyx,funny,OB1FBM,1406715833.0,10,0,0
cjdftqb,t3_202wd3,funny,Fivesense,1406845408.0,5,0,0
ck7j4ts,t3_202wd3,funny,MonsterIt,1409700602.0,6,0,0
cfzcrah,t3_202wd3,funny,vlaxmadero,1394491772.0,36,0,0
cfzaxop,t3_202wd3,funny,Lellux,1394487919.0,13,0,0
cjdhpvr,t3_202wd3,funny,,1406849575.0,16,0,0
cjdiemo,t1_cjdhpvr,funny,PamShelan,1406851147.0,14,0,1
cfzcvzd,t3_202wd3,funny,maxxdreddit,1394492053.0,12,0,0
cfzdakl,t1_cfzcvzd,funny,123draw,1394492911.0,2,0,0
cfzcatw,t3_202wd3,funny,DNedry,1394490794.0,9,0,0
cfzefgi,t3_202wd3,funny,Camelsloths,1394495327.0,8,0,0
cfzf5hd,t3_202wd3,funny,DinoGorillaBearMan,1394496846.0,18,0,0
cfzcl1f,t3_202wd3,funny,abadmon331,1394491408.0,3,0,0
cfzdpd1,t3_202wd3,funny,,1394493790.0,4,0,0
cfzfa1b,t3_202wd3,funny,Ariadnepyanfar,1394497109.0,4,0,0
cfzfala,t3_202wd3,funny,Aye2ck,1394497142.0,3,0,0
cg0a436,t3_202wd3,funny,Besmerch,1394583281.0,3,0,0
cg0heoe,t3_202wd3,funny,featrprzntation,1394600375.0,4,0,0
cg1rdrm,t3_202wd3,funny,I_RES_tag_you,1394734823.0,4,0,0
cgiwye3,t3_202wd3,funny,,1396515478.0,6,0,0
cgood1m,t3_202wd3,funny,Smash_Brothers,1397099988.0,4,0,0
ciebt4n,t3_202wd3,funny,Phidelt292,1403473289.0,3,0,0
ciymx5n,t3_202wd3,funny,Caststarman,1405476885.0,5,0,0
cj0r5jy,t3_202wd3,funny,watwatindayeah,1405671044.0,4,0,0
cj8gfz7,t3_202wd3,funny,hcpoc,1406395922.0,6,0,0
cjdeut4,t3_202wd3,funny,Gynther,1406843415.0,2,0,0
cjdkd8y,t3_202wd3,funny,,1406855750.0,3,0,0
cje8jkl,t3_202wd3,funny,JFM2796,1406920696.0,4,0,0
cjkcz4t,t3_202wd3,funny,,1407487255.0,3,0,0
cjkduxu,t1_cjkcz4t,funny,OB1FBM,1407491891.0,11,0,0
cjkurzy,t3_202wd3,funny,Philanthropiss,1407530617.0,4,0,0
cjtt01e,t3_202wd3,funny,RolloTamaci,1408387885.0,3,0,0
ck6ck09,t3_202wd3,funny,palakkadan,1409590819.0,4,0,0
cfzc4x5,t3_202wd3,funny,SerCiddy,1394490440.0,13,0,0
cfzdde3,t3_202wd3,funny,,1394493078.0,99,0,0
cfzf2da,t1_cfzdde3,funny,Pandaburn,1394496667.0,13,0,0
cfzf9vh,t1_cfzdde3,funny,KlopeksWithCoppers,1394497100.0,50,0,0
cfzew7z,t1_cfzdde3,funny,ishywho,1394496316.0,17,0,0
cfzd2oe,t3_202wd3,funny,NovaKnights,1394492449.0,10,0,0
cfzd690,t1_cfzd2oe,funny,brizzyy,1394492655.0,3,0,0
cfzbcsm,t3_202wd3,funny,dbarefoot,1394488795.0,16,0,0
cfzcsie,t3_202wd3,funny,,1394491843.0,7,0,0
cfzcxvt,t3_202wd3,funny,Stealthsturbator,1394492166.0,6,0,0
cfzfex3,t3_202wd3,funny,,1394497392.0,7,0,0
cfzrg4d,t3_202wd3,funny,soggywaffles727,1394539952.0,8,0,0
cjbu5nr,t3_202wd3,funny,pokodapa,1406707826.0,8,0,0
cfzbg1g,t3_202wd3,funny,LNL_HUTZ,1394488984.0,10,0,0
cfzdclm,t3_202wd3,funny,ISmokeCircuits,1394493029.0,13,0,0
cfzd8ac,t3_202wd3,funny,HellaBester,1394492777.0,35,0,0
cfzadfu,t3_202wd3,funny,shoptillyoudrop,1394486768.0,26,0,0
cfzca56,t1_cfzadfu,funny,burgerdog,1394490753.0,10,0,0
cjfs8rk,t3_202wd3,funny,DaWaffledude,1407085314.0,6,0,0
cfzchx2,t3_202wd3,funny,opheliaPnis,1394491220.0,3,0,0
cfzcllt,t3_202wd3,funny,shadow-dwell,1394491440.0,3,0,0
cfzcqzl,t3_202wd3,funny,,1394491756.0,3,0,0
cfzdre7,t3_202wd3,funny,TheAstralCatastrophe,1394493912.0,3,0,0
cfzdssx,t1_cfzdre7,funny,OB1FBM,1394493995.0,4,0,0
cfzecu4,t3_202wd3,funny,soonerzen14,1394495172.0,3,0,0
cfzed7m,t3_202wd3,funny,CapAll55,1394495195.0,3,0,0
cfzeds4,t3_202wd3,funny,DrJimmyRustlerMD,1394495226.0,3,0,0
cfzegqr,t3_202wd3,funny,yesyes33,1394495404.0,3,0,0
cfzeh0q,t3_202wd3,funny,thelochteedge,1394495422.0,3,0,0
cfzehem,t3_202wd3,funny,,1394495445.0,3,0,0
cfzf5r4,t3_202wd3,funny,Paxrock,1394496861.0,3,0,0
cfzf6tq,t3_202wd3,funny,augustinespeartree,1394496922.0,3,0,0
cfzf8xs,t3_202wd3,funny,sunny_days19,1394497047.0,3,0,0
cfzfcx6,t3_202wd3,funny,ikealgernon,1394497279.0,3,0,0
cfzfiyo,t3_202wd3,funny,duckandcover,1394497621.0,3,0,0
cfzfx44,t3_202wd3,funny,USGunner,1394498444.0,3,0,0
cfzfyp0,t3_202wd3,funny,Sailorchaddy,1394498540.0,3,0,0
cfzfyxw,t3_202wd3,funny,Poikilothermy,1394498553.0,3,0,0
cfzgomi,t3_202wd3,funny,Darktidemage,1394500069.0,3,0,0
cfzhal8,t3_202wd3,funny,ForbiddenWonder8,1394501380.0,3,0,0
cfzjni2,t3_202wd3,funny,Lostinthemist81,1394506321.0,3,0,0
cfzm6dk,t3_202wd3,funny,trashk,1394512434.0,3,0,0
cfzm6mf,t3_202wd3,funny,blindninjafart,1394512453.0,3,0,0
cfzo7ia,t3_202wd3,funny,shaggy4847,1394520567.0,3,0,0
cfzoi86,t1_cfzo7ia,funny,OB1FBM,1394521987.0,3,0,0
cfzooiq,t3_202wd3,funny,Traumatic_,1394522870.0,3,0,0
cfzpywu,t3_202wd3,funny,4everal0ne,1394530936.0,3,0,0
cfzqgol,t3_202wd3,funny,Joe1972,1394534274.0,3,0,0
cfzu6hm,t3_202wd3,funny,paupauDop67,1394549104.0,3,0,0
cg0322z,t3_202wd3,funny,orion205,1394568660.0,3,0,0
cg072fy,t3_202wd3,funny,iDuane,1394576579.0,3,0,0
cg07r06,t1_cg072fy,funny,OB1FBM,1394578036.0,9,0,0
cg0h3xg,t3_202wd3,funny,lazyfoot10,1394599519.0,3,0,0
cg15u5d,t3_202wd3,funny,Malvenue,1394668103.0,3,0,0
cg17exj,t3_202wd3,funny,Kimquat,1394671534.0,3,0,0
cg1cwzx,t3_202wd3,funny,akstee,1394683738.0,3,0,0
cg1y8ta,t3_202wd3,funny,Besmerch,1394748551.0,3,0,0
cg26gup,t3_202wd3,funny,drht,1394767478.0,3,0,0
cg3t163,t3_202wd3,funny,radical01,1394952714.0,3,0,0
cg7yfnl,t3_202wd3,funny,jondercin,1395368886.0,3,0,0
cgc0a34,t3_202wd3,funny,thekingsdaughter,1395797815.0,3,0,0
cgc0tzn,t1_cgc0a34,funny,OB1FBM,1395798948.0,10,0,0
cgc0krs,t3_202wd3,funny,COMMIKILLER1444,1395798427.0,3,0,0
cgc4bvg,t1_cgc0krs,funny,OB1FBM,1395806952.0,3,0,0
cgnjzj9,t3_202wd3,funny,fearguy,1396995311.0,3,0,0
chiqwm1,t3_202wd3,funny,Pearl91,1400173371.0,3,0,0
chv6jwo,t3_202wd3,funny,blueceiling,1401485086.0,3,0,0
chx90z3,t3_202wd3,funny,,1401725089.0,3,0,0
chxt0qq,t1_chx90z3,funny,,1401769006.0,4,0,0
chxrwjp,t3_202wd3,funny,DeathRoux,1401766121.0,3,0,0
ci23uwm,t1_chxrwjp,funny,OB1FBM,1402226197.0,3,0,0
ci4lbgu,t3_202wd3,funny,donnie1977,1402465708.0,3,0,0
ci4p0bz,t3_202wd3,funny,,1402483725.0,3,0,0
cic70hn,t3_202wd3,funny,MethAddict1337,1403234001.0,3,0,0
cid31b9,t3_202wd3,funny,ButchMFJones,1403323761.0,3,0,0
cjd69pj,t3_202wd3,funny,ITS_RIP_SNORTIN_TIME,1406828097.0,3,0,0
cjdmpcx,t3_202wd3,funny,KC_Newser,1406861138.0,3,0,0
cjdwi5a,t3_202wd3,funny,8334c34f2234,1406896768.0,3,0,0
cje6hjx,t3_202wd3,funny,Destinova,1406916964.0,3,0,0
cjfh9ks,t3_202wd3,funny,spryes,1407043652.0,3,0,0
cjgaw1a,t3_202wd3,funny,themexzombie,1407128261.0,3,0,0
cji22wu,t3_202wd3,funny,masalisko,1407285083.0,3,0,0
cjjurrn,t3_202wd3,funny,a_little_angry,1407443845.0,3,0,0
cjl4uhn,t3_202wd3,funny,,1407553337.0,3,0,0
cjlds5e,t3_202wd3,funny,,1407590129.0,3,0,0
cjmf69i,t3_202wd3,funny,niknik2121,1407698579.0,3,0,0
cjn3vid,t3_202wd3,funny,Zomaarwat,1407768864.0,3,0,0
cjnla9l,t3_202wd3,funny,AnAwkwardWhince,1407801886.0,3,0,0
cjnlnx4,t1_cjnla9l,funny,Xexyz128,1407802617.0,5,0,0
cjoh8e5,t3_202wd3,funny,Tildarion,1407880968.0,3,0,0
cjr32as,t3_202wd3,funny,sbskins,1408118659.0,3,0,0
cjr7bjl,t1_cjr32as,funny,,1408126337.0,3,0,0
cjtadnn,t3_202wd3,funny,Vikingfruit,1408333704.0,3,0,0
cjy64f2,t3_202wd3,funny,Gpoq,1408774861.0,3,0,0
cjzkro4,t3_202wd3,funny,joestorm4,1408929325.0,3,0,0
ck1pve2,t3_202wd3,funny,jakethe5th,1409131053.0,3,0,0
ck43zcp,t3_202wd3,funny,crushcastles23,1409347318.0,3,0,0
ck4tixi,t3_202wd3,funny,achillesfist,1409425514.0,3,0,0
ck5s90i,t3_202wd3,funny,Koveryl,1409525627.0,3,0,0
ck6k3yj,t3_202wd3,funny,PostYourSinks,1409609451.0,3,0,0
ck7mi6h,t3_202wd3,funny,blackrose2592,1409707873.0,3,0,0
ck7n8o5,t3_202wd3,funny,OuterRem,1409709460.0,3,0,0
ck7vjop,t1_ck7n8o5,funny,OB1FBM,1409736083.0,19,0,0
ck8ft1z,t1_ck7vjop,funny,aliofbaba,1409784457.0,11,0,0
ck7rmys,t3_202wd3,funny,NeverXpected,1409719423.0,3,0,0
cfzanac,t3_202wd3,funny,,1394487331.0,12,0,0
cfzb3vs,t1_cfzanac,funny,nomad2585,1394488278.0,10,0,0
cfzc4lc,t1_cfzb3vs,funny,firelordUK,1394490421.0,3,0,0
cfzckkp,t1_cfzc4lc,funny,NedryOS,1394491379.0,32,0,0
cfzhahu,t3_202wd3,funny,Nefirmative,1394501375.0,29,0,1
cfzi0en,t1_cfzhahu,funny,,1394502874.0,11,0,0
cfzvrrl,t1_cfzhahu,funny,aleisterfinch,1394553104.0,4,0,0
cj8ofwp,t3_202wd3,funny,,1406414713.0,6,0,0
cj8xezk,t1_cj8ofwp,funny,Martabo,1406437948.0,4,0,0
cfzd2o9,t3_202wd3,funny,exhaustedhelp,1394492449.0,12,0,0
cfzb823,t3_202wd3,funny,AndyWarwheels,1394488520.0,5,0,0
cfzcvkb,t3_202wd3,funny,j1002s,1394492027.0,6,0,0
cfzd0zb,t3_202wd3,funny,Bt1222,1394492349.0,3,0,0
cfzey83,t3_202wd3,funny,Tactical_Newc,1394496428.0,4,0,0
cfzf67u,t3_202wd3,funny,Journeyman351,1394496888.0,5,0,0
cjaliyh,t3_202wd3,funny,,1406598246.0,7,0,0
cjci5ct,t1_cjaliyh,funny,colefly,1406763386.0,3,0,0
cjb5xrb,t3_202wd3,funny,CVBrownie,1406655355.0,4,0,0
cjbm3kf,t3_202wd3,funny,peperoncini,1406685533.0,6,0,0
cjcmnun,t3_202wd3,funny,I_have_no_throwaway,1406772944.0,4,0,0
ck318cm,t3_202wd3,funny,,1409251660.0,5,0,0
ck3bi5u,t1_ck318cm,funny,Xexyz128,1409271921.0,3,0,0
ck3ekl1,t1_ck3bi5u,funny,,1409278451.0,3,0,0
ck8o9nh,t3_202wd3,funny,ham3cheese,1409803173.0,3,0,0
ck8oa35,t1_ck8o9nh,funny,ham3cheese,1409803204.0,6,0,0
ck9mq2v,t1_ck8oa35,funny,Maoman1,1409889879.0,7,0,0
cfzctrn,t3_202wd3,funny,gamejinni,1394491918.0,10,0,0
cfzavt9,t3_202wd3,funny,Thehealeroftri,1394487816.0,11,0,0
cg1qsc9,t3_202wd3,funny,dukya,1394733595.0,6,0,0
cg1r7qw,t1_cg1qsc9,funny,OB1FBM,1394734490.0,9,0,0
cfzauh1,t3_202wd3,funny,,1394487738.0,12,0,0
cfzbh4q,t3_202wd3,funny,razorbird,1394489049.0,7,0,0
cg46n22,t3_202wd3,funny,Nerobus,1395001484.0,7,0,0
cgd5jay,t1_cg46n22,funny,Netcooler,1395917196.0,5,0,0
cg0nu30,t3_202wd3,funny,Tomato_S0UP,1394630943.0,9,0,0
cfzcthi,t3_202wd3,funny,sawc,1394491901.0,4,0,0
cg0j1st,t3_202wd3,funny,featrprzntation,1394605941.0,4,0,0
citfypp,t3_202wd3,funny,NegativeKarma_,1404996292.0,4,0,0
cj8icad,t3_202wd3,funny,EdiStephen,1406400406.0,4,0,0
cj8u55j,t1_cj8icad,funny,OB1FBM,1406429165.0,3,0,0
cjcd1sy,t3_202wd3,funny,therealhlmencken,1406753731.0,3,0,0
cfzb7l2,t3_202wd3,funny,TheCakeDayLie,1394488491.0,8,0,0
cfzbb16,t1_cfzb7l2,funny,OB1FBM,1394488694.0,55,0,0
cfzd65v,t1_cfzbb16,funny,CampbellSmith00,1394492650.0,10,0,0
cfzcg95,t3_202wd3,funny,issius,1394491119.0,8,0,0
cfzefw0,t3_202wd3,funny,JustATrumpetPlayer,1394495352.0,5,0,0
cj94zsq,t3_202wd3,funny,pokecod,1406471552.0,4,0,0
cfzc3uo,t3_202wd3,funny,joshthehappy,1394490378.0,12,0,0
cfzbqqd,t3_202wd3,funny,DirtyDandtheCrew,1394489607.0,2,0,0
cfzbzlb,t3_202wd3,funny,rharvey8090,1394490125.0,2,0,0
cfzc87z,t3_202wd3,funny,,1394490639.0,2,0,0
cfzcffw,t3_202wd3,funny,basednidoking,1394491071.0,2,0,0
cfzcpr5,t3_202wd3,funny,ClickClacky,1394491684.0,2,0,0
cfzd7eo,t3_202wd3,funny,tylerdurden801,1394492725.0,2,0,0
cfzd7fh,t3_202wd3,funny,Business_Chad,1394492726.0,2,0,0
cfzd7ws,t3_202wd3,funny,nvr_gona_give_u_gold,1394492756.0,2,0,0
cfzdb49,t3_202wd3,funny,sargENT_shart,1394492943.0,2,0,0
cfze31u,t3_202wd3,funny,Worlds_biggest_cunt,1394494596.0,2,0,0
cfze3tu,t3_202wd3,funny,Lakonthegreat,1394494643.0,2,0,0
cfze3yk,t3_202wd3,funny,BremingtonSteel,1394494650.0,2,0,0
cfze433,t3_202wd3,funny,raffytraffy,1394494658.0,2,0,0
cfzeb3m,t3_202wd3,funny,Snowfizzle,1394495064.0,2,0,0
cfzeb50,t3_202wd3,funny,,1394495067.0,2,0,0
cfzeb8w,t3_202wd3,funny,Rustynailz314,1394495074.0,2,0,0
cfzebac,t3_202wd3,funny,ThePissco,1394495077.0,2,0,0
cfzebw1,t3_202wd3,funny,rprpr,1394495114.0,2,0,0
cfzec46,t3_202wd3,funny,RedAngel728,1394495128.0,2,0,0
cfzece3,t3_202wd3,funny,MrSamster911,1394495146.0,2,0,0
cfzecg2,t3_202wd3,funny,antioj18,1394495149.0,2,0,0
cfzeciv,t3_202wd3,funny,Dain_Awesome,1394495154.0,2,0,0
cfzecmw,t3_202wd3,funny,DCooper323,1394495160.0,2,0,0
cfzecqz,t3_202wd3,funny,smurge,1394495166.0,2,0,0
cfzecw5,t3_202wd3,funny,TG77lead,1394495175.0,2,0,0
cfzecxv,t3_202wd3,funny,,1394495178.0,2,0,0
cfzed56,t3_202wd3,funny,SirJam,1394495191.0,2,0,0
cfzedhq,t3_202wd3,funny,bakcn,1394495210.0,2,0,0
cfzedmb,t3_202wd3,funny,threecolorless,1394495216.0,2,0,0
cfzednd,t3_202wd3,funny,MightyBulger,1394495218.0,2,0,0
cfzedzk,t3_202wd3,funny,stopthathurtsit,1394495238.0,2,0,0
cfzee37,t3_202wd3,funny,booksforlunch,1394495244.0,2,0,0
cfzee4x,t3_202wd3,funny,Stiffstick,1394495248.0,2,0,0
cfzee5p,t3_202wd3,funny,ZeChocolatBomb,1394495249.0,2,0,0
cfzee76,t3_202wd3,funny,zenithopus,1394495251.0,2,0,0
cfzee9e,t3_202wd3,funny,citoloco,1394495254.0,2,0,0
cfzeedp,t3_202wd3,funny,Lepoth,1394495261.0,2,0,0
cfzeen0,t3_202wd3,funny,DzWR,1394495278.0,2,0,0
cfzef1f,t3_202wd3,funny,mplsmesh,1394495302.0,2,0,0
cfzefli,t3_202wd3,funny,,1394495335.0,2,0,0
cfzefmz,t3_202wd3,funny,AndrewCanSpel,1394495339.0,2,0,0
cfzeftv,t3_202wd3,funny,connermcsteezy,1394495349.0,2,0,0
cfzeg77,t3_202wd3,funny,,1394495372.0,2,0,0
cfzegg0,t3_202wd3,funny,mindtrapped,1394495387.0,2,0,0
cfzegjr,t3_202wd3,funny,SeattleMack32,1394495393.0,2,0,0
cfzegqd,t3_202wd3,funny,paulruddsusername,1394495404.0,2,0,0
cfzegu1,t3_202wd3,funny,MidWestJoke,1394495410.0,2,0,0
cfzeh6q,t3_202wd3,funny,PaulyDeensAbButter,1394495433.0,2,0,0
cfzehic,t3_202wd3,funny,notfeelingthat,1394495450.0,2,0,0
cfzehli,t3_202wd3,funny,WritingContradiction,1394495455.0,2,0,0
cfzeipe,t3_202wd3,funny,watchasay,1394495519.0,2,0,0
cfzejfj,t3_202wd3,funny,scumbagsebby,1394495563.0,2,0,0
cfzejgv,t3_202wd3,funny,HipsterCouple,1394495565.0,2,0,0
cfzejn9,t3_202wd3,funny,Leodoesnotexist,1394495576.0,2,0,0
cfzelwm,t3_202wd3,funny,b1gtym1n,1394495710.0,2,0,0
cfzemho,t3_202wd3,funny,Tychonaut,1394495744.0,2,0,0
cfzemni,t3_202wd3,funny,WJHuett,1394495754.0,2,0,0
cfzemsg,t3_202wd3,funny,thewhiteman80,1394495762.0,2,0,0
cfzen2b,t3_202wd3,funny,nlkushner,1394495779.0,2,0,0
cfzen4v,t3_202wd3,funny,Solidchuck,1394495783.0,2,0,0
cfzen9d,t3_202wd3,funny,blaqkkat,1394495790.0,2,0,0
cfzenk4,t3_202wd3,funny,reddit_ninja_,1394495810.0,2,0,0
cfzenku,t3_202wd3,funny,dustinator,1394495811.0,2,0,0
cfzens4,t3_202wd3,funny,WackyWookie,1394495823.0,2,0,0
cfzenxu,t3_202wd3,funny,,1394495832.0,2,0,0
cfzepyl,t3_202wd3,funny,tickle-my-ovaries,1394495946.0,2,0,0
cfzeq6y,t3_202wd3,funny,olemix,1394495961.0,2,0,0
cfzeqgq,t3_202wd3,funny,Myownghost,1394495977.0,2,0,0
cfzetqs,t3_202wd3,funny,AstroZombie29,1394496170.0,2,0,0
cfzeu65,t3_202wd3,funny,LoveSecretSexGod,1394496195.0,2,0,0
cfzeui9,t3_202wd3,funny,owlbi,1394496214.0,2,0,0
cfzeve1,t3_202wd3,funny,themedic143,1394496267.0,2,0,0
cfzqot7,t1_cfzeve1,funny,OB1FBM,1394535741.0,4,0,0
cfzex3r,t3_202wd3,funny,astrozombie53,1394496367.0,2,0,0
cfzexe6,t3_202wd3,funny,Appare,1394496384.0,2,0,0
cfzexgi,t3_202wd3,funny,hi_kthxbai,1394496388.0,2,0,0
cfzeygb,t3_202wd3,funny,rmaccioli,1394496441.0,2,0,0
cfzezcl,t3_202wd3,funny,rasdabess,1394496493.0,2,0,0
cfzezo2,t3_202wd3,funny,NurIzzat,1394496511.0,2,0,0
cfzf08s,t3_202wd3,funny,alldayifap,1394496545.0,2,0,0
cfzf0h9,t3_202wd3,funny,Craigthebear,1394496559.0,2,0,0
cfzf0vs,t3_202wd3,funny,13RockyRaccoon13,1394496582.0,2,0,0
cfzf0w8,t3_202wd3,funny,DagnulsK,1394496582.0,2,0,0
cfzf3ea,t3_202wd3,funny,ghost_irl,1394496729.0,2,0,0
cfzf3kq,t3_202wd3,funny,Garglemyhype,1394496740.0,2,0,0
cfzf3s6,t3_202wd3,funny,pibroch,1394496752.0,2,0,0
cfzf3z8,t3_202wd3,funny,JoeyBones1234,1394496763.0,2,0,0
cfzf42v,t3_202wd3,funny,,1394496769.0,2,0,0
cfzqqjh,t1_cfzf42v,funny,OB1FBM,1394536040.0,10,0,0
cfzf4kv,t3_202wd3,funny,two4you8,1394496798.0,2,0,0
cfzf4or,t3_202wd3,funny,zankfrappa2,1394496804.0,2,0,0
cfzf6u6,t3_202wd3,funny,DMCDawg,1394496923.0,2,0,0
cfzf6wt,t3_202wd3,funny,CokeyCola,1394496928.0,2,0,0
cfzf7gv,t3_202wd3,funny,harraxen,1394496960.0,2,0,0
cfzf7mb,t3_202wd3,funny,DrFarfanigglePhD,1394496968.0,2,0,0
cfzf7n2,t3_202wd3,funny,MeeraS,1394496970.0,2,0,0
cfzf8dc,t3_202wd3,funny,I_am_melis,1394497013.0,2,0,0
cfzf8s8,t3_202wd3,funny,joeybabes101,1394497038.0,2,0,0
cfzf935,t3_202wd3,funny,KaiserFritz,1394497054.0,2,0,0
cfzf9ba,t3_202wd3,funny,,1394497067.0,2,0,0
cfzf9dj,t3_202wd3,funny,no_mas_pants,1394497071.0,2,0,0
cfzf9qf,t3_202wd3,funny,DoodlebobRoundpants,1394497092.0,2,0,0
cfzf9xs,t3_202wd3,funny,after4ffect,1394497104.0,2,0,0
cfzfads,t3_202wd3,funny,mulanRuge,1394497130.0,2,0,0
cfzfarc,t3_202wd3,funny,impaleargo,1394497153.0,2,0,0
cfzfhzd,t3_202wd3,funny,mitcholot,1394497564.0,2,0,0
cfzfjlu,t3_202wd3,funny,,1394497654.0,2,0,0
cfzfmcy,t3_202wd3,funny,,1394497814.0,2,0,0
cfzfp0i,t3_202wd3,funny,jjcoola,1394497967.0,2,0,0
cfzfq0v,t3_202wd3,funny,posternutgoodie,1394498025.0,2,0,0
cfzfqad,t3_202wd3,funny,fonzatron2000,1394498039.0,2,0,0
cfzfqsb,t3_202wd3,funny,baracudaboy,1394498069.0,2,0,0
cfzfr63,t3_202wd3,funny,Nevermore60,1394498092.0,2,0,0
cfzftav,t3_202wd3,funny,bellarama727,1394498217.0,2,0,0
cfzftqw,t3_202wd3,funny,MightSayThings,1394498243.0,2,0,0
cfzfwgc,t3_202wd3,funny,floppylobster,1394498405.0,2,0,0
cfzfxwa,t3_202wd3,funny,Poet_of_Legends,1394498491.0,2,0,0
cfzfxwv,t3_202wd3,funny,trentreznor1,1394498492.0,2,0,0
cfzfxy3,t3_202wd3,funny,Dannygrider,1394498494.0,2,0,0
cfzfyj1,t3_202wd3,funny,xTye,1394498530.0,2,0,0
cfzfymg,t3_202wd3,funny,kisuka,1394498535.0,2,0,0
cfzfyv9,t3_202wd3,funny,,1394498549.0,2,0,0
cfzfzhe,t3_202wd3,funny,rocketman1969,1394498586.0,2,0,0
cfzg02q,t3_202wd3,funny,lytle74,1394498620.0,2,0,0
cfzg076,t3_202wd3,funny,willisqnx,1394498628.0,2,0,0
cfzg1lm,t3_202wd3,funny,shmogi,1394498711.0,2,0,0
cfzg3vk,t3_202wd3,funny,StephDoesntCamp,1394498847.0,2,0,0
cfzg5zx,t3_202wd3,funny,LaGeneralitat,1394498973.0,2,0,0
cfzga04,t3_202wd3,funny,chadork,1394499208.0,2,0,0
cfzgdao,t3_202wd3,funny,PROLIMIT,1394499399.0,2,0,0
cfzge8o,t3_202wd3,funny,Unfiltered_Soul,1394499454.0,2,0,0
cfzgfmd,t3_202wd3,funny,KingKongsBong,1394499530.0,2,0,0
cfzgh3s,t3_202wd3,funny,isomanatee,1394499617.0,2,0,0
cfzgiza,t3_202wd3,funny,uber_cripple,1394499732.0,2,0,0
cfzgj3m,t3_202wd3,funny,NikoBadman,1394499740.0,2,0,0
cfzgkfl,t3_202wd3,funny,Yuk0nC0rnelius,1394499821.0,2,0,0
cfzgo8o,t3_202wd3,funny,theartiechair,1394500047.0,2,0,0
cfzgoqy,t3_202wd3,funny,damnocles,1394500077.0,2,0,0
cfzgp7k,t3_202wd3,funny,,1394500105.0,2,0,0
cfzgrry,t3_202wd3,funny,Cjyogi,1394500257.0,2,0,0
cfzgspr,t3_202wd3,funny,badasspiggy,1394500315.0,2,0,0
cfzgtpo,t3_202wd3,funny,SlickFiftyFive,1394500375.0,2,0,0
cfzgvku,t3_202wd3,funny,nothinqness,1394500484.0,2,0,0
cfzgvzk,t3_202wd3,funny,,1394500508.0,2,0,0
cfzgxhg,t3_202wd3,funny,RedditAuthority,1394500595.0,2,0,0
cfzgxuq,t3_202wd3,funny,Kidd_Funkadelic,1394500618.0,2,0,0
cfzgxuy,t3_202wd3,funny,VenusAllegory,1394500619.0,2,0,0
cfzh3jj,t3_202wd3,funny,,1394500962.0,2,0,0
cfzh4ox,t3_202wd3,funny,damizz,1394501029.0,2,0,0
cfzh6m8,t3_202wd3,funny,purepyroga,1394501145.0,2,0,0
cfzh6oo,t3_202wd3,funny,,1394501149.0,2,0,0
cfzh7tr,t3_202wd3,funny,_Volta,1394501216.0,2,0,0
cfzhahv,t1_cfzh7tr,funny,Reshar,1394501375.0,2,0,0
cfzh8oj,t3_202wd3,funny,Vincenti,1394501267.0,2,0,0
cfzh9kd,t3_202wd3,funny,,1394501320.0,2,0,0
cfzhamf,t3_202wd3,funny,OpusCrocus,1394501382.0,2,0,0
cfzhcu0,t3_202wd3,funny,Snannybobo,1394501509.0,2,0,0
cfzhcw3,t3_202wd3,funny,FraughtFool,1394501513.0,2,0,0
cfzhh2c,t3_202wd3,funny,Phydeaux,1394501759.0,2,0,0
cfzhha0,t3_202wd3,funny,50ccsofbuttstat,1394501772.0,2,0,0
cfzhip3,t3_202wd3,funny,Vocabularri,1394501859.0,2,0,0
cfzhqfc,t3_202wd3,funny,BenZino21,1394502305.0,2,0,0
cfzhr03,t3_202wd3,funny,inmyhumbleo,1394502335.0,2,0,0
cfzhssi,t3_202wd3,funny,Zebrabox,1394502434.0,2,0,0
cfzhtd6,t3_202wd3,funny,xenodrone,1394502465.0,2,0,0
cfzhtjk,t3_202wd3,funny,abefury,1394502475.0,2,0,0
cfzhu23,t3_202wd3,funny,Darktidemage,1394502505.0,2,0,0
cfzhuat,t3_202wd3,funny,glNito,1394502518.0,2,0,0
cfzhzkb,t1_cfzhuat,funny,ansoniK,1394502825.0,2,0,0
cfzhvhn,t3_202wd3,funny,JablesRadio,1394502588.0,2,0,0
cfzhwn4,t3_202wd3,funny,dagggers,1394502653.0,2,0,0
cfzhyuk,t3_202wd3,funny,DaftPunk23,1394502783.0,2,0,0
cfzhzhj,t3_202wd3,funny,AGR35,1394502821.0,2,0,0
cfzhzli,t3_202wd3,funny,Drimon,1394502827.0,2,0,0
cfzi19q,t3_202wd3,funny,Kentarvos_Keaton,1394502924.0,2,0,0
cfzi1kp,t3_202wd3,funny,Yet_Another_ID,1394502940.0,2,0,0
cfzi1n9,t3_202wd3,funny,jmormol31,1394502944.0,2,0,0
cfzi1sa,t3_202wd3,funny,bikesboozeandbacon,1394502952.0,2,0,0
cfzi249,t3_202wd3,funny,lukyorion,1394502971.0,2,0,0
cfzi4i2,t3_202wd3,funny,slowk1ng,1394503100.0,2,0,0
cfzi4i3,t3_202wd3,funny,DFOwie,1394503100.0,2,0,0
cfzi4tg,t3_202wd3,funny,rwhittak3,1394503118.0,2,0,0
cfzi5mz,t3_202wd3,funny,tcrpgfan,1394503163.0,2,0,0
cfzi6ic,t3_202wd3,funny,quasarkat,1394503214.0,2,0,0
cfzi6pj,t3_202wd3,funny,liquidanfield,1394503226.0,2,0,0
cfzi718,t3_202wd3,funny,Kilometerman,1394503244.0,2,0,0
cfzi7r8,t3_202wd3,funny,sceptic_ali,1394503284.0,2,0,0
cfzi8zs,t3_202wd3,funny,,1394503354.0,2,0,0
cfzi93n,t3_202wd3,funny,,1394503361.0,2,0,0
cfzi94a,t3_202wd3,funny,heimdal77,1394503362.0,2,0,0
cfzia6b,t3_202wd3,funny,Snowd3vil,1394503424.0,2,0,0
cfzia6p,t3_202wd3,funny,nostalgic_dinosaur,1394503424.0,2,0,0
cfziaa0,t3_202wd3,funny,andrewakin,1394503430.0,2,0,0
cfziad3,t3_202wd3,funny,rydog02,1394503435.0,2,0,0
cfziaky,t3_202wd3,funny,Ken_Pen,1394503447.0,2,0,0
cfziawy,t3_202wd3,funny,kooshball-,1394503468.0,2,0,0
cfzibcb,t3_202wd3,funny,Mech1,1394503493.0,2,0,0
cfzih3r,t3_202wd3,funny,troy1101,1394503827.0,2,0,0
cfzihku,t3_202wd3,funny,tantobourne,1394503851.0,2,0,0
cfzihn5,t3_202wd3,funny,PapaHudge,1394503854.0,2,0,0
cfziiow,t3_202wd3,funny,afcagroo,1394503906.0,2,0,0
cfzijfp,t3_202wd3,funny,Armandeus,1394503946.0,2,0,0
cfziklu,t3_202wd3,funny,killer-,1394504009.0,2,0,0
cfzip10,t3_202wd3,funny,paulfp007,1394504264.0,2,0,0
cfziqfo,t3_202wd3,funny,,1394504345.0,2,0,0
cfziqy4,t3_202wd3,funny,SAMURAI_DILDO_RAPIST,1394504376.0,2,0,0
cfzir8o,t3_202wd3,funny,masbert,1394504394.0,2,0,0
cfzis9r,t3_202wd3,funny,TheCrippler,1394504454.0,2,0,0
cfzisqr,t3_202wd3,funny,xliezelz,1394504481.0,2,0,0
cfzitmt,t3_202wd3,funny,NewpyJ,1394504533.0,2,0,0
cfziu2m,t3_202wd3,funny,,1394504559.0,2,0,0
cfziu7h,t3_202wd3,funny,ThePerson_,1394504567.0,2,0,0
cfzivu7,t3_202wd3,funny,ThatDandyMan,1394504670.0,2,0,0
cfzj1fj,t3_202wd3,funny,Zephyr0418,1394505004.0,2,0,0
cfzj1n0,t3_202wd3,funny,Drassic,1394505014.0,2,0,0
cfzj2g0,t3_202wd3,funny,youngrobgod,1394505063.0,2,0,0
cfzj2pr,t3_202wd3,funny,muchachoblanco,1394505080.0,2,0,0
cfzj2sj,t3_202wd3,funny,DEATH-OF_RATS,1394505084.0,2,0,0
cfzj351,t3_202wd3,funny,,1394505106.0,2,0,0
cfzj3ju,t3_202wd3,funny,CuntStain,1394505130.0,2,0,0
cfzj4o0,t3_202wd3,funny,80DD,1394505196.0,2,0,0
cfzj6rq,t3_202wd3,funny,Ulduar,1394505321.0,2,0,0
cfzj744,t3_202wd3,funny,OldPunkIsBest,1394505340.0,2,0,0
cfzj7s4,t3_202wd3,funny,cthylla,1394505381.0,2,0,0
cfzj92n,t3_202wd3,funny,Gbcue,1394505457.0,2,0,0
cfzj9xr,t3_202wd3,funny,Beeclef,1394505510.0,2,0,0
cfzjf4e,t3_202wd3,funny,NotAReal_Doctor,1394505824.0,2,0,0
cfzjkqs,t3_202wd3,funny,AH0meLessDude,1394506156.0,2,0,0
cfzjkr8,t3_202wd3,funny,TacoBurrito23,1394506157.0,2,0,0
cfzjnjr,t3_202wd3,funny,unemployedlurker,1394506324.0,2,0,0
cfzjt3v,t3_202wd3,funny,Camille_Lionne,1394506665.0,2,0,0
cfzju0q,t3_202wd3,funny,Klaven,1394506725.0,2,0,0
cfzju51,t3_202wd3,funny,Timburwuhlf,1394506731.0,2,0,0
cfzjuhr,t3_202wd3,funny,jkyle1234,1394506754.0,2,0,0
cfzjuts,t3_202wd3,funny,OneJD,1394506772.0,2,0,0
cfzjx42,t3_202wd3,funny,Grave-er,1394506912.0,2,0,0
cfzjxf5,t3_202wd3,funny,giantpenispenis,1394506931.0,2,0,0
cfzjxfn,t3_202wd3,funny,Reddit12345678910111,1394506932.0,2,0,0
cfzjy10,t3_202wd3,funny,,1394506970.0,2,0,0
cfzjypt,t3_202wd3,funny,,1394507013.0,2,0,0
cfzoy42,t1_cfzjypt,funny,OB1FBM,1394524318.0,4,0,0
cfzjytg,t3_202wd3,funny,Wavemanns,1394507019.0,2,0,0
cfzk11o,t3_202wd3,funny,portersmokedporter,1394507157.0,2,0,0
cfzk141,t3_202wd3,funny,ihmunoz18,1394507162.0,2,0,0
cfzk1jy,t3_202wd3,funny,reyp,1394507189.0,2,0,0
cfzk65s,t3_202wd3,funny,fdott,1394507480.0,2,0,0
cfzk7rh,t3_202wd3,funny,stashtv,1394507581.0,2,0,0
cfzk94w,t1_cfzk7rh,funny,10_Eyes_8_Truths,1394507669.0,2,0,0
cfzkdhk,t3_202wd3,funny,lejefferson,1394507951.0,2,0,0
cfzklbc,t3_202wd3,funny,explosivo563,1394508456.0,2,0,0
cfzkra6,t3_202wd3,funny,illegalwaffles,1394508853.0,2,0,0
cfzkrvr,t3_202wd3,funny,knittingnola,1394508892.0,2,0,0
cfzkulk,t3_202wd3,funny,crookedparadigm,1394509069.0,2,0,0
cfzkxbl,t3_202wd3,funny,djangoman2k,1394509249.0,2,0,0
cfzl3kg,t3_202wd3,funny,thumbs27,1394509656.0,2,0,0
cfzl49e,t3_202wd3,funny,Doplgang900,1394509703.0,2,0,0
cfzldns,t3_202wd3,funny,PerOxill,1394510356.0,2,0,0
cfzlkum,t3_202wd3,funny,avematthew,1394510861.0,2,0,0
cfzm14d,t3_202wd3,funny,Leksington,1394512032.0,2,0,0
cfzm1ac,t3_202wd3,funny,,1394512044.0,2,0,0
cfzm5or,t3_202wd3,funny,,1394512380.0,2,0,0
cfzm6vy,t3_202wd3,funny,Anoneemus3,1394512473.0,2,0,0
cfzm7hb,t3_202wd3,funny,xOPtimUsZErOx,1394512520.0,2,0,0
cfzmaz1,t3_202wd3,funny,ray_dog,1394512798.0,2,0,0
cfzme5o,t3_202wd3,funny,oas1s2004,1394513048.0,2,0,0
cfzmqxi,t3_202wd3,funny,PrideSax711,1394514092.0,2,0,0
cfzmx5l,t3_202wd3,funny,jjmac,1394514630.0,2,0,0
cfzmyuo,t3_202wd3,funny,IamAndyCee,1394514776.0,2,0,0
cfzn3mb,t3_202wd3,funny,BootlessTuna,1394515195.0,2,0,0
cfzn8rd,t3_202wd3,funny,nyc_ifyouare,1394515664.0,2,0,0
cfzo1tz,t3_202wd3,funny,joseph_rb,1394519844.0,2,0,0
cfzo2d1,t3_202wd3,funny,kashiman290,1394519912.0,2,0,0
cfzo31h,t3_202wd3,funny,4BDN,1394519995.0,2,0,0
cfzoa1f,t3_202wd3,funny,ismash,1394520898.0,2,0,0
cfzoiab,t3_202wd3,funny,Rmedero,1394521996.0,2,0,0
cfzonzc,t3_202wd3,funny,,1394522794.0,2,0,0
cfzoo4o,t3_202wd3,funny,Mooshtonk,1394522816.0,2,0,0
cfzoryj,t3_202wd3,funny,,1394523378.0,2,0,0
cfzpg74,t3_202wd3,funny,RonnieRadical,1394527350.0,2,0,0
cfzpju6,t3_202wd3,funny,fortalyst,1394528031.0,2,0,0
cfzprbk,t3_202wd3,funny,ZOMBEHomnom,1394529490.0,2,0,0
cfzq7uf,t3_202wd3,funny,vikingakonungen,1394532618.0,2,0,0
cfzqbci,t3_202wd3,funny,Jogonnobed,1394533291.0,2,0,0
cfzqek1,t3_202wd3,funny,sniffies,1394533872.0,2,0,0
cfzqlf9,t3_202wd3,funny,Arknell,1394535135.0,2,0,0
cfzr24q,t3_202wd3,funny,caffeineramen,1394537985.0,2,0,0
cfzrz9d,t3_202wd3,funny,JonDonnis,1394542289.0,2,0,0
cfzt3y9,t3_202wd3,funny,RHcrow,1394546108.0,2,0,0
cfztwcu,t3_202wd3,funny,vegence,1394548357.0,2,0,0
cfztxxa,t3_202wd3,funny,TACOfarmerXD,1394548475.0,2,0,0
cfzwnmn,t3_202wd3,funny,,1394555120.0,2,0,0
cg0185n,t3_202wd3,funny,Im_A_Viking,1394564878.0,2,0,0
cg08dx6,t3_202wd3,funny,jayyyyyyyyyy,1394579421.0,2,0,0
cg095ww,t3_202wd3,funny,MoistAccident,1394581140.0,2,0,0
cg0j3p7,t3_202wd3,funny,augiemax,1394606160.0,2,0,0
cg0jsmi,t3_202wd3,funny,ishallnamehimsquishy,1394609334.0,2,0,0
cg0p8ps,t3_202wd3,funny,MrGloryHoundd,1394634961.0,2,0,0
cg0up1g,t3_202wd3,funny,_Pwnography,1394646308.0,2,0,0
cg1aifi,t3_202wd3,funny,luckyxmouse,1394678221.0,2,0,0
cg1n1tt,t3_202wd3,funny,tzimon,1394725694.0,2,0,0
cg2ezaa,t3_202wd3,funny,Okanekure,1394804522.0,2,0,0
cg3ico5,t3_202wd3,funny,spacemonkey620,1394921786.0,2,0,0
cg3rmv0,t3_202wd3,funny,TheWildhawke,1394947512.0,2,0,0
cg3rz9z,t3_202wd3,funny,Derpameaus,1394948676.0,2,0,0
cg3tftr,t3_202wd3,funny,TheAuth0r,1394954613.0,2,0,0
cg3tgid,t3_202wd3,funny,Santeriabro,1394954704.0,2,0,0
cg457j7,t3_202wd3,funny,vleroybrown,1394998281.0,2,0,0
cg5djsw,t3_202wd3,funny,featrprzntation,1395115962.0,2,0,0
cgeyn1u,t3_202wd3,funny,transguyDom,1396108673.0,2,0,0
cggbdp2,t3_202wd3,funny,theopihi,1396256023.0,2,0,0
cgq58vi,t3_202wd3,funny,BrazenBull00R,1397253991.0,2,0,0
cgqbt4s,t1_cgq58vi,funny,OB1FBM,1397271335.0,3,0,0
cgqc9sy,t1_cgqbt4s,funny,BrazenBull00R,1397272681.0,8,0,0
cgxd5e9,t1_cgqc9sy,funny,wazzym,1398010710.0,2,0,0
cgy7s7p,t3_202wd3,funny,HomerMadeMeDoIt,1398100233.0,2,0,0
cgyrbn6,t1_cgy7s7p,funny,OB1FBM,1398141184.0,5,0,0
cgzp7d6,t1_cgyrbn6,funny,jakealake4,1398230584.0,3,0,0
cgzrswr,t1_cgzp7d6,funny,OB1FBM,1398242379.0,3,0,0
ch45rop,t3_202wd3,funny,timoverder,1398697817.0,2,0,0
charlf0,t3_202wd3,funny,BuryTheCastle,1399356794.0,2,0,0
chh0imb,t3_202wd3,funny,Joe318948,1400004671.0,2,0,0
chihplz,t3_202wd3,funny,kittykittylicklick32,1400142753.0,2,0,0
chouobi,t3_202wd3,funny,EhhRicky,1400803745.0,2,0,0
chp961o,t3_202wd3,funny,bazooopers,1400855573.0,2,0,0
chqjci6,t3_202wd3,funny,Illender,1400997175.0,2,0,0
ci4mt1a,t3_202wd3,funny,Adiposi,1402471420.0,2,0,0
cibiemx,t3_202wd3,funny,-Dazed,1403175541.0,2,0,0
cicf4mg,t3_202wd3,funny,MikeyNathan,1403267469.0,2,0,0
cidz3pf,t3_202wd3,funny,throwaway_casually,1403436991.0,2,0,0
cii503h,t3_202wd3,funny,no_pants_everyday,1403833705.0,2,0,0
cipmjsz,t3_202wd3,funny,Robdlj,1404621501.0,2,0,0
cirdwvq,t3_202wd3,funny,CaptainCockmunch,1404800019.0,2,0,0
ciyop4r,t3_202wd3,funny,,1405480747.0,2,0,0
cj7nfsd,t3_202wd3,funny,InsaneZee,1406312445.0,2,0,0
cjdeayb,t3_202wd3,funny,anxiousangel,1406842344.0,2,0,0
cjdhwdc,t3_202wd3,funny,Kahlypso,1406849994.0,2,0,0
cjdhxpq,t3_202wd3,funny,wasabipees,1406850079.0,2,0,0
cjdlsfz,t1_cjdhxpq,funny,Moderatecalf,1406859047.0,2,0,0
cjdwcrp,t1_cjdlsfz,funny,wasabipees,1406896276.0,2,0,0
cjdog94,t3_202wd3,funny,OtakuSRL,1406865325.0,2,0,0
cjdomw8,t3_202wd3,funny,DerpanJones,1406865780.0,2,0,0
cjdq727,t3_202wd3,funny,Illidan1943,1406869925.0,2,0,0
cjdq7tp,t3_202wd3,funny,NoimYOURFather,1406869988.0,2,0,0
cjdqqx0,t3_202wd3,funny,khandiments,1406871594.0,2,0,0
cje9mkd,t3_202wd3,funny,WhiskeytheFox,1406922723.0,2,0,0
cjedkt6,t3_202wd3,funny,Caststarman,1406930561.0,2,0,0
cjeltwn,t3_202wd3,funny,BlamBitchPudding,1406949970.0,2,0,0
cjepctd,t3_202wd3,funny,MrDrumline,1406959981.0,2,0,0
cjeplie,t3_202wd3,funny,FuzzyCouchPotato,1406960835.0,2,0,0
cjer68w,t3_202wd3,funny,Sibilant_Engorgement,1406967524.0,2,0,0
cjevczn,t3_202wd3,funny,,1406988607.0,2,0,0
cjfig5l,t3_202wd3,funny,,1407047451.0,2,0,0
cjfja9b,t3_202wd3,funny,GrangeGrange,1407050690.0,2,0,0
cjfji2f,t3_202wd3,funny,pocketas227,1407051628.0,2,0,0
cjgjg5e,t3_202wd3,funny,FreePandas,1407161704.0,2,0,0
cjin0qd,t3_202wd3,funny,EpicFlyingCat,1407344262.0,2,0,0
cjincou,t3_202wd3,funny,GreenShirtedWhiteBoy,1407344889.0,2,0,0
cjiv25x,t3_202wd3,funny,EvilRising,1407358746.0,2,0,0
cjjff3a,t1_cjiv25x,funny,OB1FBM,1407414016.0,4,0,0
cjkavsc,t1_cjjff3a,funny,cockassFAG,1407478672.0,2,0,0
cjjgbl8,t1_cjjff3a,funny,EvilRising,1407416829.0,3,0,0
cjiv88p,t3_202wd3,funny,fyl69,1407359052.0,2,0,0
cjja14y,t3_202wd3,funny,Jthumm,1407390743.0,2,0,0
cjjfdjx,t3_202wd3,funny,LucasTheGoat,1407413871.0,2,0,0
cjk7moh,t3_202wd3,funny,NamedomRan,1407469839.0,2,0,0
cjkqvzx,t3_202wd3,funny,CPAacct,1407523396.0,2,0,0
cjlhg04,t3_202wd3,funny,yohash84,1407601282.0,2,0,0
cjlrv24,t3_202wd3,funny,MarvMuchacho,1407627274.0,2,0,0
cjmg5ao,t3_202wd3,funny,assholedestroyer69,1407700707.0,2,0,0
cjmlxdc,t3_202wd3,funny,liamv33,1407713416.0,2,0,0
cjmmeu2,t3_202wd3,funny,theworldsend0,1407714569.0,2,0,0
cjmuiau,t1_cjmmeu2,funny,RPGamerFTW,1407733801.0,2,0,0
cjmvs1p,t3_202wd3,funny,Ibitosh95,1407737803.0,2,0,0
cjnjmhk,t3_202wd3,funny,ForneverStar,1407798748.0,2,0,0
cjnlnrw,t3_202wd3,funny,Xexyz128,1407802609.0,2,0,0
cjnnlk8,t3_202wd3,funny,AndrewV,1407806462.0,2,0,0
cjno7bv,t3_202wd3,funny,FlyingBlue,1407807709.0,2,0,0
cjnotyh,t3_202wd3,funny,terramarique,1407809044.0,2,0,0
cjntghp,t3_202wd3,funny,ISawtheWolf,1407819585.0,2,0,0
cjntqg5,t3_202wd3,funny,ComradeSlavic,1407820383.0,2,0,0
cjo5zr6,t3_202wd3,funny,,1407860896.0,2,0,0
cjocf1y,t3_202wd3,funny,ShachonianX,1407872257.0,2,0,0
cjojgzt,t3_202wd3,funny,Whitelaro,1407885453.0,2,0,0
cjomo0f,t3_202wd3,funny,Itchono,1407892164.0,2,0,0
cjozoba,t3_202wd3,funny,fizzyfrank,1407933682.0,2,0,0
cjto4nu,t3_202wd3,funny,evanthepanther,1408378824.0,2,0,0
cjxjajm,t3_202wd3,funny,aliendude5300,1408722771.0,2,0,0
cjy1kfm,t3_202wd3,funny,Valkonn,1408761383.0,2,0,0
cjyd20x,t3_202wd3,funny,AccordionBeatle,1408807150.0,2,0,0
cjyy5hv,t3_202wd3,funny,rubiksklube,1408861877.0,2,0,0
cjyzx1h,t1_cjyy5hv,funny,funnyfaceking,1408870299.0,3,0,0
ck13t0j,t3_202wd3,funny,,1409077648.0,2,0,0
ck1n95y,t1_ck13t0j,funny,OB1FBM,1409119240.0,9,0,0
chfl4p1,t3_25blmh,funny,jthomas0147,1399857833.0,2523,0,0
chfmwbx,t1_chfl4p1,funny,mtbr311,1399861998.0,1014,0,0
chfp5tp,t1_chfmwbx,funny,stearnsy13,1399867579.0,411,0,0
chfl237,t3_25blmh,funny,Niamhmrn,1399857649.0,3156,0,0
chfmuoi,t1_chfl237,funny,trollboogies,1399861896.0,233,0,0
chfojha,t1_chfmuoi,funny,ninjordan,1399865939.0,57,0,0
chfpdt5,t1_chfojha,funny,trollboogies,1399868196.0,13,0,0
chfniqf,t1_chfmuoi,funny,RoboNinjaPirate,1399863411.0,67,0,0
chfmia3,t1_chfl237,funny,FreeDobbyNow,1399861131.0,2229,0,0
chfmrxk,t1_chfmia3,funny,Cacafuego2,1399861727.0,266,0,0
chfqs41,t1_chfmrxk,funny,,1399872434.0,75,0,0
chfny7p,t1_chfmrxk,funny,senchi,1399864445.0,101,0,0
chfpo0c,t1_chfmrxk,funny,Dekanuva,1399869001.0,1180,0,0
chfrvnv,t1_chfpo0c,funny,cremedelacrop,1399876432.0,70,0,0
chfsgq7,t1_chfrvnv,funny,supersecret_DEA,1399878944.0,73,0,0
chfs80v,t1_chfpo0c,funny,Jemmilly,1399877843.0,371,0,0
chfmjvz,t1_chfmia3,funny,bluejams,1399861231.0,3060,0,0
chfmo3r,t1_chfmjvz,funny,Coach_GordonBombay,1399861490.0,1321,0,0
chfmro5,t1_chfmo3r,funny,roxbigred,1399861711.0,437,0,0
chfn1mx,t1_chfmro5,funny,arbili,1399862319.0,275,0,0
chfnbyb,t1_chfn1mx,funny,,1399862972.0,150,0,0
chfo44l,t1_chfnbyb,funny,,1399864850.0,127,0,0
chfl8ff,t3_25blmh,funny,I_smell_awesome,1399858104.0,2883,0,0
chfmhbu,t1_chfl8ff,funny,olivejuice85,1399861071.0,988,0,0
chfmlk8,t1_chfmhbu,funny,EruptingVagina,1399861333.0,828,0,0
chfn5ds,t1_chfmlk8,funny,HOWDITGETBURNEDHOWDI,1399862557.0,162,0,0
chfnovi,t1_chfn5ds,funny,wanabeswordsman,1399863812.0,55,0,0
chfo4xd,t1_chfmlk8,funny,SirLeepsALot,1399864905.0,101,0,0
chfmof4,t1_chfmlk8,funny,olivejuice85,1399861509.0,903,0,0
chfmq2u,t1_chfmof4,funny,diablo_man,1399861615.0,311,0,0
chfn1j0,t1_chfmq2u,funny,alage21,1399862313.0,560,0,0
chfnkil,t1_chfn1j0,funny,chungski,1399863528.0,216,0,0
chfnurr,t1_chfnkil,funny,cockyjoe,1399864207.0,163,0,0
chfqzv7,t3_25blmh,funny,colorwizard,1399873177.0,198,0,0
chfobd9,t3_25blmh,funny,Berkshirian,1399865358.0,2541,0,1
chfs7iz,t1_chfobd9,funny,DrumParty,1399877783.0,18,0,0
chfqv4l,t1_chfobd9,funny,WonLinerz,1399872718.0,29,0,0
chfpviw,t1_chfobd9,funny,CherryDaBomb,1399869608.0,102,0,0
chfqrwt,t1_chfobd9,funny,ponyo_sashimi,1399872413.0,289,0,0
chg3l43,t1_chfqrwt,funny,Toxic-Avenger,1399916707.0,21,0,0
chfpgtl,t1_chfobd9,funny,thinker3,1399868437.0,550,0,0
chfppjk,t1_chfpgtl,funny,Berkshirian,1399869125.0,345,0,0
chfrhp7,t1_chfppjk,funny,PKSays,1399874948.0,208,0,0
chfqcc1,t1_chfobd9,funny,whitemithrandir,1399871006.0,79,0,0
chfries,t1_chfobd9,funny,Rumpullpus,1399875025.0,214,0,0
chg6iu6,t1_chfries,funny,Pluvialis,1399922786.0,49,0,0
clbp0kf,t1_chg6iu6,funny,Salmonfax,1413510972.0,19,0,0
ckvsska,t1_chg6iu6,funny,W1ULH,1412017886.0,54,0,0
chfkwop,t3_25blmh,funny,MrStoryBooks,1399857263.0,3742,0,0
chfmjw1,t1_chfkwop,funny,zach_e,1399861231.0,49,0,0
chfmh7k,t1_chfkwop,funny,guyguy23,1399861063.0,278,0,0
chfmijj,t1_chfmh7k,funny,Dickbeard_The_Pirate,1399861148.0,488,0,0
chfml2h,t1_chfmijj,funny,SP821,1399861305.0,162,0,0
chfmlnt,t1_chfml2h,funny,OooPieceofCandy,1399861340.0,77,0,0
chfmqdr,t1_chfmlnt,funny,JoeCruz9,1399861633.0,82,0,0
chfmoc3,t1_chfmh7k,funny,Hodothegod,1399861504.0,143,0,0
chfmsds,t1_chfmoc3,funny,guyguy23,1399861754.0,74,0,0
chfle8u,t1_chfkwop,funny,ihatethelivingdead,1399858508.0,3529,0,0
chfms97,t1_chfle8u,funny,Minoxidil,1399861747.0,137,0,0
chfpfg1,t1_chfms97,funny,double-dog-doctor,1399868327.0,134,0,0
chfrzxp,t1_chfpfg1,funny,Redequlus,1399876913.0,164,0,0
chfufom,t1_chfrzxp,funny,afig2311,1399890753.0,21,0,0
chfr55l,t1_chfpfg1,funny,Minoxidil,1399873689.0,75,0,0
chg69qi,t1_chfr55l,funny,,1399922278.0,48,0,1
chfmm3h,t1_chfle8u,funny,Mackinstyle,1399861366.0,130,0,0
chfook5,t1_chfmm3h,funny,HomelessBananas,1399866303.0,48,0,0
chfm53p,t1_chfle8u,funny,Blazeron,1399860291.0,2177,0,0
chfnfi2,t1_chfm53p,funny,Cendeu,1399863199.0,58,0,0
chfnmmn,t1_chfnfi2,funny,,1399863665.0,83,0,0
chfm8r1,t1_chfm53p,funny,Dovahkiin47,1399860522.0,1511,0,0
chfmmgn,t1_chfm8r1,funny,tidder_eht_nioj,1399861389.0,39,0,0
chfmpis,t1_chfmmgn,funny,JoeCruz9,1399861578.0,20,0,0
chfnl6j,t1_chfmpis,funny,POSTS_GIFS,1399863573.0,36,0,0
chfmez8,t1_chfm8r1,funny,daeth,1399860918.0,543,0,0
chfmqu3,t1_chfmez8,funny,YoUsernameStandsFor,1399861663.0,551,0,0
chfnfs9,t1_chfmqu3,funny,ShortchangeParamecia,1399863218.0,229,0,0
chfq6wf,t1_chfnfs9,funny,KallistiEngel,1399870545.0,18,0,0
chfnnyv,t1_chfnfs9,funny,busherrunner,1399863755.0,210,0,0
chfmrvc,t1_chfmqu3,funny,daeth,1399861723.0,273,0,0
chfmoo5,t1_chfmez8,funny,nascraytia,1399861527.0,209,0,0
chfn0f6,t1_chfmoo5,funny,xisytenin,1399862243.0,77,0,0
chfnc97,t1_chfn0f6,funny,dementorpoop,1399862991.0,84,0,0
chfnkan,t1_chfnc97,funny,,1399863514.0,53,0,0
chfnyzs,t1_chfnkan,funny,lekzandr,1399864496.0,44,0,0
chfnur8,t1_chfm53p,funny,Strawberry_Poptart,1399864206.0,818,0,0
chfnxbo,t1_chfnur8,funny,Blazeron,1399864384.0,111,0,0
chfpdve,t1_chfnxbo,funny,ChiefGraypaw,1399868201.0,120,0,0
chfrrrn,t1_chfpdve,funny,Phesodge,1399876007.0,42,0,0
chfrgeb,t1_chfpdve,funny,outlaw_jesus,1399874807.0,51,0,0
chfr62m,t1_chfnur8,funny,ithika,1399873780.0,197,0,0
chfta27,t1_chfr62m,funny,,1399883313.0,45,0,0
chfpq37,t1_chfnur8,funny,odoprasm,1399869168.0,200,0,0
chfqk1a,t1_chfpq37,funny,Valerialia,1399871693.0,44,0,0
chfqj5u,t1_chfpq37,funny,politebadgrammarguy,1399871614.0,161,0,0
chfpcvh,t1_chfnur8,funny,crimson1490,1399868126.0,717,0,0
chfr3hn,t1_chfpcvh,funny,IAMA_Cylon,1399873523.0,548,0,0
chfrfxn,t1_chfr3hn,funny,sublime13,1399874758.0,145,0,0
chfrsxu,t1_chfrfxn,funny,Lee1138,1399876133.0,51,0,0
chfsd3h,t1_chfrsxu,funny,JTorch1,1399878482.0,21,0,0
chft140,t1_chfsd3h,funny,Zeero92,1399881846.0,26,0,0
chfqofl,t1_chfle8u,funny,reddittwotimes,1399872094.0,404,0,0
chfrcli,t1_chfqofl,funny,Footy_Fanatic,1399874418.0,246,0,0
chfwql7,t1_chfrcli,funny,,1399900886.0,141,0,0
chfm9xm,t3_25blmh,funny,,1399860599.0,2456,0,0
chfmxdu,t1_chfm9xm,funny,smease,1399862062.0,47,0,0
chfnmxq,t1_chfmxdu,funny,Thinc_Ng_Kap,1399863684.0,27,0,0
chfmtox,t1_chfm9xm,funny,heart_pineapple,1399861836.0,150,0,0
chfoabd,t1_chfmtox,funny,nikkukun,1399865282.0,136,0,0
chfpffy,t1_chfoabd,funny,technofiend,1399868327.0,142,0,0
chfmkfb,t1_chfm9xm,funny,theclarinetsoloist,1399861264.0,1354,0,0
chfmwrt,t1_chfmkfb,funny,TotalMelancholy,1399862024.0,64,0,0
chfmovj,t1_chfmkfb,funny,Droconian,1399861540.0,72,0,0
chfmy66,t1_chfmkfb,funny,Uhfolks,1399862110.0,1286,0,0
chfnp4l,t1_chfmy66,funny,Rylos7172,1399863829.0,259,0,0
chfocgn,t1_chfnp4l,funny,SkitTrick,1399865435.0,179,0,0
chfopf7,t1_chfocgn,funny,neoman4426,1399866363.0,89,0,0
chfotm2,t1_chfocgn,funny,mongoos3,1399866662.0,73,0,0
chfpea1,t1_chfotm2,funny,obvthroway1,1399868233.0,52,0,0
chfmkt8,t3_25blmh,funny,CaptainPlanetEater,1399861290.0,794,0,0
chfr4hm,t1_chfmkt8,funny,yParticle,1399873620.0,54,0,0
chflk5b,t3_25blmh,funny,sharklops,1399858921.0,801,0,0
chfmn2i,t1_chflk5b,funny,Vctoreh,1399861427.0,265,0,0
chfnias,t1_chfmn2i,funny,joshguillen,1399863382.0,204,0,0
chfl7uc,t3_25blmh,funny,Lovelyzombie,1399858062.0,818,0,0
chflc1a,t3_25blmh,funny,b-rad420,1399858351.0,321,0,0
chfmigi,t1_chflc1a,funny,guyguy23,1399861143.0,109,0,0
chfmkv4,t3_25blmh,funny,snowman_maker,1399861293.0,144,0,0
chfmtv3,t1_chfmkv4,funny,evanmc,1399861845.0,96,0,0
chfnq8e,t1_chfmtv3,funny,bradbull,1399863901.0,96,0,0
chfrytf,t1_chfnq8e,funny,DJ_Moose,1399876783.0,17,0,0
chfl2n5,t3_25blmh,funny,furqans,1399857686.0,1636,0,0
chfldha,t1_chfl2n5,funny,gulpeg,1399858453.0,681,0,0
chfmilb,t1_chfldha,funny,thirdfounder,1399861152.0,231,0,0
chfmn3b,t1_chfmilb,funny,c45c73,1399861429.0,183,0,0
chfmi1b,t3_25blmh,funny,bangsecks,1399861116.0,232,0,0
chfozkf,t1_chfmi1b,funny,WtfRocket,1399867107.0,17,0,0
chfmumt,t1_chfmi1b,funny,BananApocalypse,1399861893.0,50,0,0
chfmt4z,t1_chfmi1b,funny,duckrageous,1399861801.0,170,0,0
chfnh4n,t1_chfmt4z,funny,Hesamui,1399863306.0,12,0,0
chfng1p,t1_chfmt4z,funny,Picklwarrior,1399863236.0,66,0,0
chfmrit,t1_chfmi1b,funny,jerryseinfeld1,1399861701.0,238,0,0
chfm2vu,t3_25blmh,funny,heisenbergerwcheese,1399860152.0,213,0,0
chfo0zp,t1_chfm2vu,funny,InukChinook,1399864629.0,20,0,0
chflq7o,t3_25blmh,funny,bigbbowls,1399859323.0,415,0,0
chfmg3f,t3_25blmh,funny,elboro5000,1399860990.0,160,0,0
chfr5hh,t1_chfmg3f,funny,SamaMaBich,1399873719.0,9,0,0
chfm23n,t3_25blmh,funny,invalid_token,1399860103.0,81,0,0
chfml1x,t3_25blmh,funny,FuriousGeorge06,1399861304.0,106,0,0
chftl2w,t1_chfml1x,funny,saurongetti,1399885236.0,51,0,0
chftn01,t1_chfml1x,funny,saurongetti,1399885584.0,178,0,0
chfppst,t3_25blmh,funny,PropMonkey,1399869144.0,146,0,0
chfmptu,t3_25blmh,funny,garytencents,1399861598.0,52,0,0
chfn8cl,t3_25blmh,funny,JerryMau5,1399862745.0,60,0,0
chfn8gt,t3_25blmh,funny,WishboneOffense,1399862753.0,54,0,0
clt67uy,t3_25blmh,funny,xXTheRealOneXx,1415146608.0,44,0,0
chfmwkh,t3_25blmh,funny,JustVern,1399862012.0,29,0,0
chfquwc,t1_chfmwkh,funny,WTFHasHappened,1399872695.0,34,0,0
chfkxrz,t3_25blmh,funny,SnapchatDckDrawings,1399857336.0,6464,0,1
chfoc6p,t1_chfkxrz,funny,ASK_ME_ABOUT_LB,1399865415.0,327,0,0
chfoi3m,t1_chfkxrz,funny,RonWisely,1399865843.0,146,0,0
chflkua,t1_chfkxrz,funny,NameLastname,1399858966.0,58,0,0
chflcrn,t1_chfkxrz,funny,gulpeg,1399858402.0,1395,0,0
chfmjl9,t1_chflcrn,funny,man_cub,1399861213.0,75,0,0
chfmqdt,t1_chfmjl9,funny,gulpeg,1399861634.0,157,0,0
chfmjs7,t1_chflcrn,funny,HurryforCurry,1399861224.0,25,0,0
chfm78e,t1_chflcrn,funny,Blazeron,1399860426.0,485,0,0
chfmb0s,t1_chfm78e,funny,gulpeg,1399860668.0,119,0,0
chfmoen,t1_chfmb0s,funny,FiveSkinn,1399861509.0,67,0,0
chfmaie,t1_chfm78e,funny,Clamd,1399860637.0,360,0,0
chfmi4l,t1_chfmaie,funny,xisytenin,1399861123.0,402,0,0
chfn5pt,t1_chfmi4l,funny,Josheru,1399862579.0,66,0,0
chfn9pf,t1_chfn5pt,funny,xisytenin,1399862833.0,231,0,0
chfmjgo,t1_chfmi4l,funny,pokemonsforlife,1399861206.0,185,0,0
chfmun2,t1_chfmjgo,funny,gulpeg,1399861894.0,268,0,0
chfnavg,t1_chfmun2,funny,Coachcrog,1399862908.0,70,0,0
chfn36a,t1_chfmun2,funny,madeformarch,1399862417.0,212,0,0
chftck2,t1_chfn36a,funny,Fillipe,1399883729.0,10,0,0
chfn9r5,t1_chfmjgo,funny,Jewbacca_flywalker,1399862836.0,175,0,0
chfocir,t1_chfkxrz,funny,biger93,1399865439.0,380,0,0
chftmdv,t1_chfocir,funny,bzsteele,1399885467.0,80,0,0
chfm0z0,t3_25blmh,funny,pfroo40,1399860030.0,96,0,0
chfmx10,t3_25blmh,funny,JamoWRage,1399862039.0,94,0,0
chfmz8a,t3_25blmh,funny,Presto136,1399862172.0,36,0,0
chfpe27,t1_chfmz8a,funny,TheRealGentlefox,1399868215.0,9,0,0
chfkzjs,t3_25blmh,funny,_Horchata,1399857466.0,375,0,0
chflb6j,t1_chfkzjs,funny,WhiteVans,1399858290.0,103,0,0
chfmpva,t1_chflb6j,funny,Coach_GordonBombay,1399861600.0,120,0,0
chfl7en,t1_chfkzjs,funny,buds4hugs,1399858028.0,117,0,0
chfmrix,t1_chfl7en,funny,Wolf_In_Bear_Fur,1399861702.0,50,0,0
chfmrsv,t1_chfmrix,funny,heads_need_bodies,1399861719.0,308,0,0
chfn19h,t1_chfmrsv,funny,King_Charles_II,1399862298.0,79,0,0
chfnme3,t1_chfn19h,funny,Shinymagikarp123,1399863649.0,8,0,0
chfmt2z,t1_chfkzjs,funny,Wolf_In_Bear_Fur,1399861798.0,57,0,0
chfmyea,t1_chfkzjs,funny,sontato,1399862123.0,557,0,0
chfnkwp,t1_chfmyea,funny,shadmere,1399863554.0,159,0,0
chfnnb9,t1_chfnkwp,funny,sontato,1399863710.0,118,0,0
chfnye2,t1_chfnnb9,funny,mehdbc,1399864458.0,143,0,0
chfpnip,t1_chfnye2,funny,toke4toke,1399868960.0,72,0,0
chfufty,t1_chfpnip,funny,anu26,1399890779.0,17,0,0
chfpkb2,t1_chfnnb9,funny,,1399868709.0,21,0,0
chflrrp,t3_25blmh,funny,burple47,1399859427.0,108,0,0
chfonj4,t1_chflrrp,funny,targetboston,1399866228.0,10,0,0
chfms0x,t1_chflrrp,funny,peanut_butter,1399861733.0,56,0,0
chfnqsz,t1_chfms0x,funny,chaldea,1399863939.0,79,0,0
chfmr14,t1_chflrrp,funny,mackinoncougars,1399861673.0,255,0,0
chfn402,t1_chfmr14,funny,UndeadBread,1399862467.0,64,0,0
chfmla0,t3_25blmh,funny,SNKhan1234,1399861317.0,20,0,0
chfp9hq,t3_25blmh,funny,obviously_not_a_fish,1399867863.0,54,0,0
chg5m2f,t1_chfp9hq,funny,,1399920934.0,11,0,0
chfm6xn,t3_25blmh,funny,alage21,1399860406.0,117,0,0
chfmltc,t1_chfm6xn,funny,Gingerbreadmancan,1399861350.0,33,0,0
chfoc6q,t1_chfmltc,funny,phillycheese,1399865415.0,9,0,0
chfmvcy,t1_chfmltc,funny,roxbigred,1399861940.0,18,0,0
chfob8j,t1_chfmvcy,funny,CJ_Guns,1399865350.0,6,0,0
chfmlco,t1_chfm6xn,funny,Deified,1399861321.0,385,0,0
chfonj2,t3_25blmh,funny,catchtherainbow,1399866228.0,7,0,0
chfn7lh,t3_25blmh,funny,Theone211,1399862698.0,56,0,0
chfnktm,t1_chfn7lh,funny,drewrunfast,1399863548.0,17,0,0
chfoczr,t1_chfnktm,funny,Kuxir,1399865472.0,22,0,0
chfrlsl,t1_chfoczr,funny,NotReallyEthicalLOL,1399875382.0,6,0,0
chfs3pc,t3_25blmh,funny,devilsadvocate33,1399877336.0,5,0,0
chft1pw,t3_25blmh,funny,The_Original_Gronkie,1399881942.0,4,0,0
chftbf0,t3_25blmh,funny,,1399883542.0,5,0,0
chhoqk6,t3_25blmh,funny,Bosshog150,1400072355.0,6,0,0
chnv2d6,t3_25blmh,funny,jeffegolf,1400708968.0,5,0,0
chfn0qu,t3_25blmh,funny,Teksahport,1399862263.0,13,0,0
ckrzefk,t3_25blmh,funny,,1411627233.0,11,0,0
chfp3vz,t3_25blmh,funny,stearnsy13,1399867432.0,4,0,0
chfp75l,t3_25blmh,funny,AndroidMyAndroid,1399867680.0,5,0,0
chfprbm,t3_25blmh,funny,KnucklePoppins,1399869270.0,4,0,0
chfr1ti,t3_25blmh,funny,itak365,1399873364.0,3,0,0
chfrkox,t3_25blmh,funny,General_Peckerwood,1399875266.0,3,0,0
chftcmh,t3_25blmh,funny,LucubrateIsh,1399883739.0,2,0,0
chg48c6,t3_25blmh,funny,narwhalscubadiver,1399918042.0,5,0,0
chgh6j9,t3_25blmh,funny,jerlovescake,1399945462.0,4,0,0
cjlfmzj,t3_25blmh,funny,Gabrov,1407596416.0,3,0,0
ckgq1rh,t3_25blmh,funny,unmonstre,1410562875.0,6,0,0
ckv59tj,t3_25blmh,funny,trinitatem,1411949795.0,3,0,0
cl4ol7v,t3_25blmh,funny,GusIsKiller,1412861282.0,3,0,0
cl61pmb,t3_25blmh,funny,Reydus,1412976538.0,4,0,0
cl9pv4j,t3_25blmh,funny,Notamotel,1413335290.0,4,0,0
chfml9j,t3_25blmh,funny,,1399861316.0,22,0,0
chfnlc7,t1_chfml9j,funny,KingKidd,1399863582.0,14,0,0
clsgqya,t3_25blmh,funny,CorsoKO,1415082988.0,11,0,0
chfm7k5,t3_25blmh,funny,GraveChild27,1399860447.0,7,0,0
chfsdpq,t3_25blmh,funny,Schmittywerbenyagerm,1399878563.0,6,0,0
clezca8,t3_25blmh,funny,Pommerz,1413841151.0,9,0,0
clr7bui,t3_25blmh,funny,ChunkyMilk95,1414970335.0,8,0,0
clvfn46,t3_25blmh,funny,KickYouDown,1415333257.0,10,0,0
clunl9o,t3_25blmh,funny,lombardo2,1415280911.0,13,0,0
chfmicr,t3_25blmh,funny,,1399861136.0,5,0,0
chfn006,t3_25blmh,funny,,1399862216.0,7,0,0
chfn589,t3_25blmh,funny,starhaven,1399862546.0,5,0,0
chfo66b,t1_chfn589,funny,Bbrowny,1399864991.0,5,0,0
chfmld6,t3_25blmh,funny,xxb4xx,1399861322.0,8,0,0
chfmj2s,t3_25blmh,funny,Ser_Ender,1399861183.0,3,0,0
chfmwcp,t3_25blmh,funny,tehryanx,1399861999.0,3,0,0
chfn10t,t3_25blmh,funny,socalthrasher,1399862282.0,3,0,0
chfo00u,t3_25blmh,funny,tygaismydog,1399864563.0,3,0,0
chfozyo,t3_25blmh,funny,Samura1_I3,1399867139.0,3,0,0
chfp07k,t3_25blmh,funny,daftzilla,1399867159.0,3,0,0
chfp9db,t3_25blmh,funny,farmerfound,1399867854.0,3,0,0
chfpfjs,t3_25blmh,funny,rayraylil,1399868334.0,3,0,0
chfsrv5,t3_25blmh,funny,nuclear_bum,1399880456.0,3,0,0
chftews,t3_25blmh,funny,jakeupowens,1399884135.0,3,0,0
chfto68,t3_25blmh,funny,Mr_Claypole,1399885803.0,3,0,0
chfv3y5,t3_25blmh,funny,Czar_Castic,1399894501.0,3,0,0
chfv9tc,t1_chfv3y5,funny,Slippery_Jim,1399895264.0,3,0,0
chfygfm,t3_25blmh,funny,sacrabos,1399905549.0,3,0,0
chfypeq,t3_25blmh,funny,CAUK,1399906145.0,3,0,0
chg1379,t3_25blmh,funny,Dare990,1399911472.0,3,0,0
chg8au4,t3_25blmh,funny,Wi7dBill,1399926311.0,3,0,0
chgcdju,t3_25blmh,funny,daisydeee,1399934789.0,3,0,0
chgions,t3_25blmh,funny,IN-B4-404,1399948644.0,3,0,0
chkw1ek,t3_25blmh,funny,moeysqatar,1400402154.0,3,0,0
chz2ixl,t3_25blmh,funny,learning_purposes,1401903212.0,3,0,0
cl792ob,t3_25blmh,funny,yaypeteryay,1413113181.0,3,0,0
cl8vyzr,t3_25blmh,funny,DoubleBBossman,1413259701.0,3,0,0
clbqn2n,t3_25blmh,funny,MountainsOfDick,1413514232.0,3,0,0
clbstvp,t3_25blmh,funny,_kurt_,1413519072.0,3,0,0
chfmo9u,t3_25blmh,funny,LordoftheM3xis,1399861500.0,13,0,0
chfm9up,t3_25blmh,funny,doflinthug666,1399860594.0,9,0,0
chfmjpa,t3_25blmh,funny,libertas81,1399861220.0,4,0,0
clqid9w,t3_25blmh,funny,Vitztlampaehecatl,1414898241.0,8,0,0
clqj7xa,t3_25blmh,funny,_-ME-_,1414900385.0,9,0,0
chfn6m3,t3_25blmh,funny,BrianTheWizard,1399862634.0,8,0,0
chfo4zo,t3_25blmh,funny,,1399864909.0,5,0,0
chfoauq,t3_25blmh,funny,mood_poisoning,1399865323.0,5,0,0
chft9pf,t3_25blmh,funny,MasterJax,1399883251.0,2,0,0
clcu5fi,t3_25blmh,funny,ZohebS,1413632967.0,6,0,0
chftvvj,t3_25blmh,funny,sumsum98,1399887201.0,7,0,0
chflkho,t3_25blmh,funny,TommyTunafish,1399858942.0,2,0,0
chfly89,t3_25blmh,funny,rfow,1399859855.0,2,0,0
chfmjsr,t3_25blmh,funny,Chrismerc,1399861225.0,2,0,0
chfmkzw,t3_25blmh,funny,,1399861301.0,2,0,0
chfmln7,t3_25blmh,funny,,1399861339.0,2,0,0
chfmlvp,t3_25blmh,funny,sisonp,1399861354.0,2,0,0
chfmmkb,t3_25blmh,funny,iRdumb,1399861395.0,2,0,0
chfmmqm,t3_25blmh,funny,,1399861406.0,2,0,0
chfmmsr,t3_25blmh,funny,1954forever,1399861410.0,2,0,0
chfmoah,t3_25blmh,funny,,1399861501.0,2,0,0
chfmp8y,t3_25blmh,funny,King_of_the_Dot,1399861561.0,2,0,0
chfmpeg,t3_25blmh,funny,Intense_introvert,1399861570.0,2,0,0
chfmr03,t3_25blmh,funny,dedokta,1399861672.0,2,0,0
chfmr81,t3_25blmh,funny,CaptainCactus30,1399861685.0,2,0,0
chfmu52,t3_25blmh,funny,,1399861862.0,2,0,0
chfmu6a,t3_25blmh,funny,c4m3ron,1399861865.0,2,0,0
chfmz8h,t3_25blmh,funny,,1399862172.0,2,0,0
chfn4fx,t3_25blmh,funny,GarmezioUskioSanchez,1399862497.0,2,0,0
chfn6sn,t3_25blmh,funny,VoyerVince,1399862645.0,2,0,0
chfnaib,t3_25blmh,funny,,1399862885.0,2,0,0
chfnaj2,t3_25blmh,funny,diba_,1399862886.0,2,0,0
chfnd4p,t3_25blmh,funny,Raulitoyeah,1399863047.0,2,0,0
chfng4b,t3_25blmh,funny,TheSandyRavage,1399863240.0,2,0,0
chfnpgd,t3_25blmh,funny,craigslist_slut,1399863849.0,2,0,0
chfnpj5,t3_25blmh,funny,jlm2,1399863853.0,2,0,0
chfnqjs,t3_25blmh,funny,ThrowTheThirdSwitch,1399863922.0,2,0,0
chfnqmr,t3_25blmh,funny,ChalkyWhite23,1399863928.0,2,0,0
chfnt78,t3_25blmh,funny,murraybill,1399864103.0,2,0,0
chfnt9f,t3_25blmh,funny,NickelFish,1399864107.0,2,0,0
chfntku,t3_25blmh,funny,madmatt90000,1399864128.0,2,0,0
chfnwrz,t3_25blmh,funny,come_in_ski,1399864345.0,2,0,0
chfnx4f,t3_25blmh,funny,atomicbraincase,1399864370.0,2,0,0
chfnx5a,t3_25blmh,funny,zapmeup,1399864372.0,2,0,0
chfnyqf,t3_25blmh,funny,Asterisk007,1399864479.0,2,0,0
chfnz9g,t3_25blmh,funny,Boner4Stoners,1399864513.0,2,0,0
chfo3w4,t3_25blmh,funny,DigDugged,1399864833.0,2,0,0
chfo4lc,t3_25blmh,funny,Shine_On_Your_Chevy,1399864881.0,2,0,0
chfo53v,t3_25blmh,funny,Sean209,1399864916.0,2,0,0
chfo59n,t3_25blmh,funny,pyrosx,1399864928.0,2,0,0
chfo66w,t3_25blmh,funny,Bournestorm,1399864992.0,2,0,0
chfo7py,t3_25blmh,funny,Macbeth221,1399865101.0,2,0,0
chfogmb,t3_25blmh,funny,Loueloui,1399865732.0,2,0,0
chfoi7j,t3_25blmh,funny,Trypsach,1399865850.0,2,0,0
chfpv5k,t1_chfoi7j,funny,_Bombies,1399869580.0,3,0,0
chfoitd,t3_25blmh,funny,,1399865891.0,2,0,0
chfolss,t3_25blmh,funny,PhillyPhan10,1399866108.0,2,0,0
chfoly7,t3_25blmh,funny,smallfrie876,1399866119.0,2,0,0
chfon42,t3_25blmh,funny,tropicalstormeric,1399866199.0,2,0,0
chfon9f,t3_25blmh,funny,Disgruntled101,1399866209.0,2,0,0
chfooq2,t3_25blmh,funny,thejshep,1399866315.0,2,0,0
chfooqs,t3_25blmh,funny,the_westwind,1399866316.0,2,0,0
chfoplq,t3_25blmh,funny,vacax,1399866374.0,2,0,0
chfowfb,t3_25blmh,funny,ellocojorge,1399866869.0,2,0,0
chfoxjd,t3_25blmh,funny,JoeInTheBean,1399866952.0,2,0,0
chfoy3u,t3_25blmh,funny,BobbyZ123,1399866995.0,2,0,0
chfp7p2,t3_25blmh,funny,dapper32,1399867720.0,2,0,0
chfp82q,t3_25blmh,funny,KevinFightsFire,1399867752.0,2,0,0
chfp8w8,t3_25blmh,funny,rigiddigit,1399867819.0,2,0,0
chfp90l,t3_25blmh,funny,Tindiil,1399867828.0,2,0,0
chfp95l,t3_25blmh,funny,scanic,1399867839.0,2,0,0
chfp98n,t3_25blmh,funny,laxdstorn,1399867846.0,2,0,0
chfp9e8,t3_25blmh,funny,TexasTmac,1399867856.0,2,0,0
chfp9mm,t3_25blmh,funny,designateddouchebag,1399867874.0,2,0,0
chfpav5,t3_25blmh,funny,Knasty_Knate,1399867969.0,2,0,0
chfpazd,t3_25blmh,funny,stinsicles,1399867977.0,2,0,0
chfpb8k,t3_25blmh,funny,BiggerBangTheory,1399867998.0,2,0,0
chfpc6n,t3_25blmh,funny,gaussweiss,1399868073.0,2,0,0
chfpcqj,t3_25blmh,funny,mutually_awkward,1399868116.0,2,0,0
chfpfl2,t3_25blmh,funny,GingersGotSoul,1399868337.0,2,0,0
chfpfnt,t3_25blmh,funny,Cricketot,1399868345.0,2,0,0
chfpxfk,t3_25blmh,funny,,1399869763.0,2,0,0
chfpxrn,t3_25blmh,funny,Tills_Monocle,1399869791.0,2,0,0
chfqkuj,t3_25blmh,funny,Coltand,1399871769.0,2,0,0
chfqn4w,t3_25blmh,funny,sweetm3,1399871974.0,2,0,0
chfqqug,t3_25blmh,funny,bagntagm,1399872312.0,2,0,0
chfqv6e,t3_25blmh,funny,super_manc,1399872723.0,2,0,0
chfqyq7,t3_25blmh,funny,stormfeatherOne,1399873067.0,2,0,0
chfrh7o,t3_25blmh,funny,2xyn1xx,1399874896.0,2,0,0
chfrluq,t3_25blmh,funny,Fantasticar,1399875388.0,2,0,0
chfrnyh,t3_25blmh,funny,Untimely_Manner,1399875609.0,2,0,0
chfrr7z,t3_25blmh,funny,kp15_official,1399875947.0,2,0,0
chfrs2j,t3_25blmh,funny,GimmeWafflez,1399876041.0,2,0,0
chfrsw3,t3_25blmh,funny,It_does_get_in,1399876129.0,2,0,0
chfrt5i,t3_25blmh,funny,Legal_Rampage,1399876158.0,2,0,0
chfrtgb,t3_25blmh,funny,Vash007corp,1399876191.0,2,0,0
chfs55c,t3_25blmh,funny,bustybroad420,1399877506.0,2,0,0
chfs7vh,t3_25blmh,funny,Phanitan,1399877825.0,2,0,0
chfs96w,t3_25blmh,funny,VeronicaSawyer89,1399877984.0,2,0,0
chfsctq,t3_25blmh,funny,lurkieloo,1399878446.0,2,0,0
chfscws,t3_25blmh,funny,amiwarm,1399878458.0,2,0,0
chfsd65,t3_25blmh,funny,,1399878493.0,2,0,0
chfsenl,t3_25blmh,funny,sexandtoast,1399878681.0,2,0,0
chfshfh,t3_25blmh,funny,kngo8450,1399879036.0,2,0,0
chfsism,t3_25blmh,funny,DSPR,1399879216.0,2,0,0
chfsivk,t3_25blmh,funny,thin_slice,1399879227.0,2,0,0
chfsjet,t3_25blmh,funny,jumpingshrimp44,1399879298.0,2,0,0
chfskbv,t3_25blmh,funny,DrBort,1399879422.0,2,0,0
chfsmjm,t3_25blmh,funny,king_hippo77,1399879711.0,2,0,0
chfsn86,t3_25blmh,funny,halftone84,1399879809.0,2,0,0
chft50p,t3_25blmh,funny,Sheldorian,1399882477.0,2,0,0
chftac6,t3_25blmh,funny,thecatgods,1399883359.0,2,0,0
chftdgw,t3_25blmh,funny,Spencer-d1989,1399883885.0,2,0,0
chftekg,t3_25blmh,funny,Ozercc,1399884078.0,2,0,0
chftf83,t3_25blmh,funny,BountyBob,1399884188.0,2,0,0
chftf9f,t3_25blmh,funny,d-_-b,1399884195.0,2,0,0
chftn9o,t3_25blmh,funny,stevec004,1399885632.0,2,0,0
chftoyz,t3_25blmh,funny,wasntmedude111,1399885944.0,2,0,0
chfu90v,t3_25blmh,funny,,1399889611.0,2,0,0
chfu974,t3_25blmh,funny,PD711,1399889642.0,2,0,0
chfubw6,t3_25blmh,funny,,1399890119.0,2,0,0
chfug6w,t3_25blmh,funny,Thade780,1399890836.0,2,0,0
chfujo0,t3_25blmh,funny,jonar33,1399891414.0,2,0,0
chfukww,t3_25blmh,funny,tjdmsu,1399891617.0,2,0,0
chful8t,t3_25blmh,funny,Son_Of_Per,1399891669.0,2,0,0
chfuqm8,t3_25blmh,funny,ak47uk,1399892516.0,2,0,0
chfv2co,t3_25blmh,funny,dickvanboneman,1399894280.0,2,0,0
chfv4oh,t3_25blmh,funny,,1399894604.0,2,0,0
chfv4vm,t3_25blmh,funny,KesoPower,1399894629.0,2,0,0
chfvf6t,t3_25blmh,funny,dreckmal,1399895952.0,2,0,0
chfwmxg,t3_25blmh,funny,,1399900563.0,2,0,0
chfwzpm,t3_25blmh,funny,sparrowlooksup,1399901658.0,2,0,0
chfxgtv,t3_25blmh,funny,Reptar1923,1399902996.0,2,0,0
chfy6sp,t3_25blmh,funny,atanos,1399904886.0,2,0,0
chfzjjy,t3_25blmh,funny,jakichan77,1399908076.0,2,0,0
chfzwdy,t3_25blmh,funny,waylaidbyjackassery,1399908871.0,2,0,0
chg2qv9,t3_25blmh,funny,,1399914979.0,2,0,0
chg3o72,t3_25blmh,funny,Remainshuman01,1399916882.0,2,0,0
chg4rj9,t3_25blmh,funny,MickeyD71,1399919168.0,2,0,0
chg54ax,t3_25blmh,funny,johnnycakes33,1399919915.0,2,0,0
chg5bkt,t3_25blmh,funny,Matt341,1399920338.0,2,0,0
chg7fny,t3_25blmh,funny,baddna7,1399924601.0,2,0,0
chg8frb,t3_25blmh,funny,Dsan95,1399926584.0,2,0,0
chgfvom,t3_25blmh,funny,kwalifire,1399942627.0,2,0,0
chgnjbf,t3_25blmh,funny,ludacolo,1399961990.0,2,0,0
chgpnza,t3_25blmh,funny,billygerman,1399973047.0,2,0,0
chgs2ob,t3_25blmh,funny,Sibire,1399985188.0,2,0,0
chh1eht,t3_25blmh,funny,TacticalSocks15,1400006480.0,2,0,0
chhreob,t3_25blmh,funny,Pareeeee,1400079458.0,2,0,0
chjjvut,t3_25blmh,funny,Namaste111,1400253196.0,2,0,0
chv440s,t3_25blmh,funny,Lolwtfwasthat169,1401479620.0,2,0,0
ci0dm7c,t3_25blmh,funny,Thr0waway_Joe,1402021831.0,2,0,0
ci1pj70,t3_25blmh,funny,Poppa_Mo,1402175147.0,2,0,0
cioptae,t3_25blmh,funny,anonymousredditorrrr,1404512226.0,2,0,0
cj1qutu,t3_25blmh,funny,Kevvybabes,1405774673.0,2,0,0
ckegpy5,t3_25blmh,funny,giricrak,1410364985.0,2,0,0
ckhslse,t3_25blmh,funny,Fielkj,1410675533.0,2,0,0
ckl8sdr,t3_25blmh,funny,Mines_Skyline,1410990682.0,2,0,0
ckn1qxf,t3_25blmh,funny,Maxxx039,1411157164.0,2,0,0
cknkq2q,t1_ckn1qxf,funny,JustGoingWithIt,1411220246.0,2,0,0
ckxxn1c,t3_25blmh,funny,jamaicanbreezy,1412206083.0,2,0,0
cl5fiu1,t3_25blmh,funny,Aisllinn,1412915902.0,2,0,0
cl8ay73,t3_25blmh,funny,Master_Debater_,1413217143.0,2,0,0
cl92hpr,t3_25blmh,funny,sharebeauty888,1413286999.0,2,0,0
clbxzkh,t3_25blmh,funny,MrJamhamm,1413541409.0,2,0,0
clcw85b,t3_25blmh,funny,mouz-,1413641841.0,2,0,0
chfll6y,t3_25blmh,funny,alltimechocolatea,1399858990.0,7,0,0
chfmuw5,t3_25blmh,funny,AdmiralBallsack,1399861911.0,6,0,0
chfmoii,t3_25blmh,funny,Wolf_In_Bear_Fur,1399861516.0,4,0,0
chfmzvl,t3_25blmh,funny,Plese,1399862209.0,30,0,0
chfnbig,t1_chfmzvl,funny,Bobbyboyle1234,1399862945.0,155,0,0
chfo8fx,t1_chfmzvl,funny,RowdyRudy,1399865152.0,43,0,0
chfnwpb,t1_chfmzvl,funny,floydballs,1399864340.0,65,0,0
chfmgyy,t3_25blmh,funny,everyoneisflawed,1399861048.0,6,0,0
chfmp3b,t3_25blmh,funny,Goodbye_Galaxy,1399861553.0,2,0,0
chfngmx,t3_25blmh,funny,Frumpy_little_noodle,1399863273.0,2,0,0
chfntj0,t3_25blmh,funny,DooDooStyle,1399864125.0,5,0,0
chfnxun,t3_25blmh,funny,BalfazarTheWise,1399864421.0,4,0,0
chfojvx,t3_25blmh,funny,,1399865967.0,3,0,0
chfou9q,t3_25blmh,funny,Amonimous,1399866712.0,4,0,0
chfp0kl,t3_25blmh,funny,RedSoxJP,1399867184.0,2,0,0
chfp6eu,t3_25blmh,funny,SmarterAverageBear,1399867622.0,3,0,0
chft1y9,t3_25blmh,funny,TheOnlyRealTGS,1399881979.0,3,0,0
chftd76,t3_25blmh,funny,Creativedude22,1399883838.0,4,0,0
chftpok,t3_25blmh,funny,bornagainsponge,1399886069.0,3,0,0
chftqct,t3_25blmh,funny,cloud4197,1399886196.0,4,0,0
chg1tar,t3_25blmh,funny,WNYBeltran,1399913019.0,3,0,0
chknb1y,t3_25blmh,funny,philosophicalhobo,1400371469.0,4,0,0
chfmfia,t3_25blmh,funny,DamianTD,1399860952.0,4,0,0
cldzfsz,t3_25blmh,funny,8bitPlays,1413750699.0,3,0,0
chfnrt0,t3_25blmh,funny,Temptress75519,1399864009.0,4,0,0
chfpfvs,t3_25blmh,funny,buttonsthedog,1399868361.0,2,0,0
chfnk55,t3_25blmh,funny,DETECTIVE-STABLER,1399863504.0,5,0,0
cq0000u,t3_31bcsf,pics,JkMaster96,1428073873.0,2554,0,0
cq07cyo,t1_cq0000u,pics,Catness_NeverClean,1428086220.0,94,0,0
cq0az2v,t1_cq07cyo,pics,mossikan,1428092423.0,110,0,0
cq002ka,t1_cq0000u,pics,mossikan,1428074001.0,1377,0,0
cq0apdf,t1_cq002ka,pics,delspencerdeltorro,1428091946.0,29,0,0
cq094y4,t1_cq002ka,pics,lopzag,1428089214.0,452,0,0
cq0ay7r,t1_cq094y4,pics,mossikan,1428092381.0,819,0,0
cq0bo9j,t1_cq0ay7r,pics,lopzag,1428093653.0,9,0,0
cq0ebu6,t1_cq0ay7r,pics,Business-Socks,1428098415.0,800,0,0
cq0i9a6,t1_cq0ebu6,pics,bradlees,1428106231.0,7,0,0
cq0heqv,t1_cq0ebu6,pics,John-Wick,1428104450.0,13,0,0
cq0ijbe,t1_cq0ebu6,pics,ghost-of-harrenhal,1428106831.0,25,0,0
cq0f6i7,t1_cq0ebu6,pics,ncbstp,1428100042.0,159,0,0
cq0gfvv,t1_cq0f6i7,pics,Puppier,1428102501.0,28,0,0
cq0izpc,t1_cq0gfvv,pics,Dodgson_here,1428107803.0,25,0,0
cq0hmcg,t1_cq0f6i7,pics,g0ballistic,1428104886.0,74,0,0
cq0i028,t1_cq0hmcg,pics,ncbstp,1428105682.0,44,0,0
cq0f4ln,t1_cq0ebu6,pics,LordBiscuits,1428099938.0,42,0,0
cq0fkc9,t1_cq0ebu6,pics,Sheltopusik,1428100786.0,487,0,0
cq0ivm6,t1_cq0fkc9,pics,CommunistCappie,1428107561.0,31,0,0
cq0j8ia,t1_cq0ivm6,pics,Jackoosh,1428108336.0,44,0,0
cq0c808,t1_cq0ay7r,pics,bedbughater,1428094615.0,260,0,0
cq0c97e,t1_cq0c808,pics,mossikan,1428094677.0,583,0,0
cq0d5l4,t1_cq0c97e,pics,bedbughater,1428096285.0,112,0,0
cq0du2b,t1_cq0d5l4,pics,Henman84,1428097515.0,108,0,0
cq0dxtv,t1_cq0du2b,pics,SQUID_FUCKER,1428097704.0,177,0,0
cq0e9n4,t1_cq0dxtv,pics,hottovix,1428098302.0,28,0,0
cq0eyuj,t1_cq0dxtv,pics,,1428099626.0,80,0,0
cq09t2c,t3_31bcsf,pics,,1428090378.0,597,0,0
cq0g3aa,t1_cq09t2c,pics,ThePoorNeedChange,1428101804.0,4,0,0
cq0augy,t1_cq09t2c,pics,mossikan,1428092197.0,656,0,0
cq0e2s6,t1_cq0augy,pics,Kosmo_Kramer_,1428097956.0,44,0,0
cq0g8ji,t1_cq0e2s6,pics,chainjoey,1428102091.0,62,0,0
cq0gdwo,t1_cq0g8ji,pics,Ragequitr2,1428102389.0,55,0,0
cq0h9l7,t1_cq0e2s6,pics,mossikan,1428104151.0,84,0,0
cq0i7fk,t1_cq0h9l7,pics,jb2386,1428106122.0,20,0,0
cq0l187,t1_cq0h9l7,pics,heythisislonglolwtf,1428112237.0,9,0,0
cq0gntu,t1_cq0augy,pics,smudgel,1428102942.0,90,0,0
cq0fc5h,t1_cq0augy,pics,soccerperson,1428100343.0,111,0,0
cq0fp1d,t1_cq0fc5h,pics,mario0318,1428101041.0,305,0,0
cq0fq8o,t1_cq0fp1d,pics,Zoloir,1428101103.0,78,0,0
cq0geoo,t1_cq0fq8o,pics,mario0318,1428102434.0,38,0,0
cq0ii2t,t1_cq0geoo,pics,,1428106760.0,6,0,0
cq0jlvj,t1_cq0ii2t,pics,mario0318,1428109139.0,10,0,0
cq02yx4,t3_31bcsf,pics,blackpony04,1428078954.0,941,0,0
cq04k1u,t1_cq02yx4,pics,mossikan,1428081594.0,332,0,0
cq0bixl,t1_cq04k1u,pics,cunt-hooks,1428093390.0,148,0,0
cq0body,t1_cq0bixl,pics,mossikan,1428093659.0,159,0,0
cq0cdew,t1_cq0body,pics,cunt-hooks,1428094889.0,49,0,0
cq08fx3,t3_31bcsf,pics,kh4leesi,1428088023.0,147,0,0
cq0b4wa,t1_cq08fx3,pics,mossikan,1428092706.0,88,0,0
cq0b3l4,t3_31bcsf,pics,Expert_in_avian_law,1428092642.0,208,0,0
cq0bhg2,t1_cq0b3l4,pics,mossikan,1428093318.0,120,0,0
cq0fuyp,t1_cq0bhg2,pics,Kenja_Time,1428101360.0,26,0,0
cpzzs8u,t3_31bcsf,pics,Tyler8245,1428073478.0,778,0,0
cpzzt0n,t1_cpzzs8u,pics,mossikan,1428073518.0,1485,0,1
cq0engq,t1_cpzzt0n,pics,MistaSmiles,1428099020.0,4,0,0
cq00pzq,t1_cpzzt0n,pics,Tyler8245,1428075152.0,29,0,0
cq096hy,t1_cpzzt0n,pics,smoom,1428089292.0,286,0,0
cq0altn,t1_cq096hy,pics,CrassButNoCigar,1428091771.0,81,0,0
cq0b5wj,t1_cq096hy,pics,Mistersinister1,1428092755.0,50,0,0
cq0dn31,t1_cq0b5wj,pics,michel_v,1428097169.0,83,0,0
cq0edxr,t1_cq0dn31,pics,munk_e_man,1428098523.0,65,0,0
cq0jy1i,t1_cq0edxr,pics,randomcoincidences,1428109878.0,24,0,0
cq0a6o7,t3_31bcsf,pics,viewerdoer,1428091036.0,69,0,0
cq0aq13,t1_cq0a6o7,pics,mossikan,1428091975.0,69,0,0
cq0hjd2,t1_cq0aq13,pics,Nuclearpolitics,1428104714.0,8,0,0
cq0e4cd,t1_cq0aq13,pics,personLpaparazzi,1428098033.0,11,0,0
cq0ets4,t1_cq0aq13,pics,press_it,1428099354.0,35,0,0
cq0f11c,t1_cq0ets4,pics,mossikan,1428099745.0,47,0,0
cq0fe9e,t1_cq0f11c,pics,press_it,1428100457.0,16,0,0
cpzzyli,t3_31bcsf,pics,mossikan,1428073801.0,952,0,0
cq0arup,t1_cpzzyli,pics,kama_river,1428092067.0,206,0,0
cq0eut1,t1_cq0arup,pics,grogipher,1428099408.0,34,0,0
cq0ewmt,t1_cq0arup,pics,J_Fin,1428099506.0,20,0,0
cq0bl0u,t1_cq0arup,pics,mossikan,1428093492.0,323,0,0
cq0cc2e,t1_cq0bl0u,pics,navysealassulter,1428094822.0,18,0,0
cq0cyzd,t1_cq0cc2e,pics,TheTeamClinton,1428095968.0,37,0,0
cq0dvpx,t1_cq0cyzd,pics,kilgoreq,1428097598.0,28,0,0
cq0hjrb,t1_cq0bl0u,pics,Col_Volkov,1428104737.0,8,0,0
cq0eimg,t1_cq0bl0u,pics,abusedasiangirl,1428098765.0,59,0,0
cq0b3zl,t1_cpzzyli,pics,MarilynMerlot,1428092662.0,17,0,0
cq0dz39,t1_cpzzyli,pics,FlowersOfSin,1428097768.0,70,0,0
cq0ei1l,t1_cq0dz39,pics,Sir_Vival,1428098736.0,27,0,0
cq0f5go,t1_cq0ei1l,pics,FlowersOfSin,1428099986.0,15,0,0
cq0ffuf,t1_cq0f5go,pics,sdm1031,1428100545.0,13,0,0
cq0fjbo,t1_cq0f5go,pics,the_native,1428100731.0,32,0,0
cq05xrl,t1_cpzzyli,pics,PayloadX,1428083873.0,335,0,0
cq060xm,t1_cq05xrl,pics,mossikan,1428084021.0,729,0,0
cq0c436,t1_cq060xm,pics,,1428094419.0,1135,0,0
cq0dycc,t1_cq0c436,pics,Soviet_Waffle,1428097731.0,14,0,0
cq0cfn9,t1_cq0c436,pics,Boomalash,1428094999.0,180,0,0
cq0gd74,t1_cq0cfn9,pics,Dogexecutive,1428102349.0,34,0,0
cq0erc7,t3_31bcsf,pics,,1428099227.0,63,0,0
cq0esbd,t1_cq0erc7,pics,mossikan,1428099277.0,26,0,0
cttile9,t1_cq0esbd,pics,Tadstole,1438867162.0,9,0,0
cq08jru,t3_31bcsf,pics,,1428088208.0,300,0,0
cq0dcoy,t1_cq08jru,pics,Vantographer,1428096643.0,14,0,0
cq0bru9,t1_cq08jru,pics,edmar10,1428093824.0,6,0,0
cq0c3re,t1_cq08jru,pics,pewpewlasors,1428094403.0,71,0,0
cq0erab,t1_cq0c3re,pics,nlpnt,1428099224.0,30,0,0
cq0fjc6,t1_cq0erab,pics,OhManTFE,1428100732.0,10,0,0
cq0gs1m,t1_cq0fjc6,pics,HawkMan79,1428103180.0,11,0,0
cq0fz7r,t1_cq0fjc6,pics,jnicho15,1428101587.0,15,0,0
cq0alp8,t1_cq08jru,pics,Manadox,1428091765.0,251,0,0
cq0c1uc,t1_cq0alp8,pics,pewpewlasors,1428094313.0,36,0,0
cq0c6dn,t1_cq0c1uc,pics,Manadox,1428094532.0,32,0,0
cq0ebrn,t1_cq0c6dn,pics,obvilious,1428098411.0,18,0,0
cq0dcn0,t1_cq0alp8,pics,WhomAreU,1428096640.0,52,0,0
cq0ctau,t1_cq0alp8,pics,kingsnwings,1428095683.0,23,0,0
cq0dpvr,t1_cq0ctau,pics,soloreddit,1428097308.0,13,0,0
cq0fn4e,t1_cq0dpvr,pics,NotThatRelevant,1428100937.0,6,0,0
cq0frqo,t1_cq0fn4e,pics,kingsnwings,1428101183.0,33,0,0
cq0gmc3,t1_cq0frqo,pics,HawkMan79,1428102857.0,20,0,0
cq0axr8,t1_cq0alp8,pics,microcat4,1428092359.0,343,0,0
cq0e3es,t1_cq0axr8,pics,anchises868,1428097989.0,164,0,0
cq0e945,t1_cq0e3es,pics,toodice,1428098275.0,23,0,0
cq0ej3u,t1_cq0e945,pics,oconnor663,1428098791.0,12,0,0
cq0ghnz,t1_cq0e3es,pics,HawkMan79,1428102599.0,12,0,0
cq0fr27,t1_cq0e3es,pics,gsfgf,1428101146.0,26,0,0
cq0e3iw,t1_cq0e3es,pics,LittleHelperRobot,1428097994.0,90,0,0
cq0edl3,t1_cq0e3iw,pics,anchises868,1428098505.0,34,0,0
cq0a9zb,t1_cq08jru,pics,Cletus_VanDamme,1428091199.0,140,0,0
cq0b0mr,t1_cq0a9zb,pics,mossikan,1428092500.0,75,0,0
cq0eh03,t1_cq0a9zb,pics,factory81,1428098680.0,24,0,0
cq0b26k,t1_cq0a9zb,pics,haberdasher42,1428092575.0,65,0,0
cq0e519,t1_cq08jru,pics,Soviet_Waffle,1428098068.0,113,0,0
cq0h3gs,t1_cq0e519,pics,bobobo1618,1428103816.0,124,0,0
cq0hjzr,t1_cq0h3gs,pics,,1428104750.0,23,0,0
cq0js6q,t1_cq0hjzr,pics,CrystalMethen,1428109521.0,5,0,0
cq09bqh,t3_31bcsf,pics,IranianGenius,1428089543.0,72,0,0
cq0gm2y,t1_cq09bqh,pics,astronoob,1428102844.0,8,0,0
cq0oj7i,t1_cq0gm2y,pics,twartooth,1428120290.0,6,0,0
cq0bbfr,t1_cq09bqh,pics,mossikan,1428093022.0,72,0,0
cq0g904,t1_cq0bbfr,pics,ThePoorNeedChange,1428102116.0,6,0,0
cq0a7vz,t3_31bcsf,pics,thesmartinfant,1428091096.0,29,0,0
cq0aop1,t1_cq0a7vz,pics,mossikan,1428091913.0,22,0,0
cq0h6gt,t1_cq0aop1,pics,soashamedrightnow,1428103976.0,26,0,0
cq0bj19,t3_31bcsf,pics,MarilynMerlot,1428093395.0,23,0,0
cq0bnd6,t1_cq0bj19,pics,mossikan,1428093610.0,21,0,0
cq0bqgk,t1_cq0bnd6,pics,MarilynMerlot,1428093758.0,6,0,0
cq0bpkb,t3_31bcsf,pics,Razenghan,1428093717.0,252,0,0
cq0brvc,t1_cq0bpkb,pics,mossikan,1428093825.0,416,0,0
cq0hcvk,t1_cq0brvc,pics,I_Am_Vladimir_Putin,1428104343.0,116,0,0
cq0aewe,t3_31bcsf,pics,,1428091437.0,15,0,0
cq0amjc,t1_cq0aewe,pics,mossikan,1428091807.0,33,0,0
cq06dg9,t3_31bcsf,pics,KChieFan16,1428084595.0,33,0,0
cq06f2d,t1_cq06dg9,pics,mossikan,1428084669.0,34,0,0
cq07fmy,t3_31bcsf,pics,argole,1428086343.0,70,0,0
cq0gsez,t1_cq07fmy,pics,mattezell,1428103200.0,17,0,0
cq0adra,t1_cq07fmy,pics,picmandan,1428091381.0,27,0,0
cq0f7pv,t3_31bcsf,pics,fkthisusernameshit,1428100104.0,13,0,0
cq02bmz,t3_31bcsf,pics,jeremysmokin,1428077870.0,65,0,0
cq048x9,t1_cq02bmz,pics,mossikan,1428081080.0,114,0,0
cq0cfbn,t1_cq048x9,pics,steamorsauna,1428094984.0,4,0,0
cq04bjz,t1_cq048x9,pics,jeremysmokin,1428081199.0,15,0,0
cq09bgs,t3_31bcsf,pics,Brico30,1428089530.0,12,0,0
cq0bawh,t1_cq09bgs,pics,mossikan,1428092997.0,14,0,0
cq0bsr5,t3_31bcsf,pics,Mr_Sorter,1428093869.0,13,0,0
cq0btte,t1_cq0bsr5,pics,mossikan,1428093921.0,12,0,0
cq0bbv9,t3_31bcsf,pics,TFRAIZ,1428093043.0,28,0,0
cq0j91f,t1_cq0bbv9,pics,srs_house,1428108368.0,4,0,0
cq0gxfj,t1_cq0bbv9,pics,GCSAA_JONES,1428103477.0,11,0,0
cq06zu9,t3_31bcsf,pics,StrayaMate2000,1428085616.0,20,0,0
cq0aqdq,t1_cq06zu9,pics,TheMerovingian,1428091993.0,35,0,0
cq0d1hn,t1_cq0aqdq,pics,AppleDane,1428096090.0,9,0,0
cq0b3gy,t1_cq0aqdq,pics,mossikan,1428092637.0,53,0,0
cq0ezq7,t1_cq0b3gy,pics,mivro,1428099677.0,11,0,0
cq0bn01,t1_cq0b3gy,pics,rLeJerk,1428093593.0,16,0,0
cq09f02,t3_31bcsf,pics,seemonkey,1428089702.0,9,0,0
cq0ag0x,t3_31bcsf,pics,mossyskeleton,1428091491.0,11,0,0
cq0al5d,t1_cq0ag0x,pics,mossikan,1428091738.0,18,0,0
cq0cfrn,t1_cq0al5d,pics,,1428095005.0,5,0,0
cq0hpm8,t1_cq0cfrn,pics,mossikan,1428105078.0,5,0,0
cve7l43,t3_31bcsf,pics,topher556,1443217376.0,8,0,0
cq0aaay,t3_31bcsf,pics,octobert,1428091214.0,8,0,0
cq0ao6a,t1_cq0aaay,pics,mossikan,1428091888.0,18,0,0
cq0cmcd,t3_31bcsf,pics,metarugia,1428095339.0,8,0,0
cq0cobg,t1_cq0cmcd,pics,mossikan,1428095438.0,14,0,0
cq05mnc,t3_31bcsf,pics,luddist,1428083366.0,8,0,0
cq05u70,t3_31bcsf,pics,lezarium,1428083712.0,14,0,0
cq05woq,t1_cq05u70,pics,mossikan,1428083824.0,27,0,0
cq05x0z,t3_31bcsf,pics,missthyra,1428083840.0,11,0,0
cq05z6r,t1_cq05x0z,pics,mossikan,1428083938.0,37,0,0
cq072qb,t1_cq05z6r,pics,missthyra,1428085749.0,3,0,0
cq0b64w,t1_cq072qb,pics,mossikan,1428092766.0,9,0,0
cq09a3a,t1_cq05z6r,pics,pirate123,1428089466.0,10,0,0
cq09k91,t3_31bcsf,pics,TheInlaws11,1428089951.0,7,0,0
cq0a9kn,t3_31bcsf,pics,jewishreggae,1428091179.0,6,0,0
cq0aob2,t1_cq0a9kn,pics,mossikan,1428091894.0,7,0,0
cvena4s,t3_31bcsf,pics,WhitePantherXP,1443256696.0,5,0,0
cvenija,t1_cvena4s,pics,mossikan,1443257861.0,7,0,0
cq0bbex,t3_31bcsf,pics,alphajunior,1428093021.0,13,0,0
cq0bfyt,t1_cq0bbex,pics,mossikan,1428093245.0,15,0,0
cq08ipn,t3_31bcsf,pics,Bluet_one,1428088156.0,5,0,0
cq0b8xo,t1_cq08ipn,pics,mossikan,1428092901.0,5,0,0
cq3lnfg,t3_31bcsf,pics,quarkman,1428367785.0,5,0,0
cusft3z,t3_31bcsf,pics,Jon-Osterman,1441546305.0,5,0,0
cq07gf8,t3_31bcsf,pics,pootashace,1428086380.0,21,0,0
cq003ln,t3_31bcsf,pics,toxicshlock,1428074051.0,85,0,0
cq02p0j,t3_31bcsf,pics,bill-of-rights,1428078490.0,20,0,0
cq04a59,t1_cq02p0j,pics,mossikan,1428081134.0,38,0,0
cq0dp87,t1_cq04a59,pics,Reggler,1428097275.0,7,0,0
cq0etce,t3_31bcsf,pics,DaHolby,1428099331.0,4,0,0
cq0fi04,t3_31bcsf,pics,WordByrd,1428100663.0,4,0,0
cq0fjjs,t3_31bcsf,pics,n8ball8,1428100743.0,4,0,0
cq0fnly,t3_31bcsf,pics,Unshatterd,1428100964.0,4,0,0
cq0gs1e,t3_31bcsf,pics,coinguy1337,1428103180.0,5,0,0
cq0gyjj,t3_31bcsf,pics,krankie,1428103539.0,5,0,0
cq2wimw,t3_31bcsf,pics,cyryn,1428326716.0,3,0,0
cq2zyfz,t3_31bcsf,pics,MasherCz,1428333642.0,5,0,0
cq3saql,t1_cq2zyfz,pics,mossikan,1428379963.0,3,0,0
cr02c3x,t3_31bcsf,pics,Unum_Malum,1430905884.0,4,0,0
cq0egoa,t3_31bcsf,pics,FauxGuyFawkesy,1428098664.0,7,0,0
cq0cg4y,t3_31bcsf,pics,ffwriter,1428095024.0,5,0,0
cq0afhu,t3_31bcsf,pics,JackIsColors,1428091465.0,3,0,0
cq0ali2,t1_cq0afhu,pics,mossikan,1428091756.0,5,0,0
cq0dijq,t3_31bcsf,pics,Humble_Person,1428096937.0,3,0,0
cq0dplz,t3_31bcsf,pics,jackwoww,1428097294.0,3,0,0
cq0dyie,t3_31bcsf,pics,TheFridge22,1428097738.0,3,0,0
cq0e0f8,t3_31bcsf,pics,whoelseisgonky,1428097834.0,3,0,0
cq0eali,t1_cq0e0f8,pics,CutthroatTeaser,1428098351.0,5,0,0
cq0e51t,t3_31bcsf,pics,jabalabadooba,1428098068.0,3,0,0
cq0e63j,t3_31bcsf,pics,logic_card,1428098121.0,3,0,0
cq0e6hc,t3_31bcsf,pics,DieselDragon,1428098140.0,3,0,0
cq0e8iz,t1_cq0e6hc,pics,mossikan,1428098246.0,5,0,0
cq0eg5c,t3_31bcsf,pics,Shehzaan,1428098636.0,3,0,0
cq0f27a,t3_31bcsf,pics,aoibhneas,1428099808.0,3,0,0
cq0fokr,t3_31bcsf,pics,PrincessSparkleBoobs,1428101017.0,3,0,0
cq0fr2t,t3_31bcsf,pics,Havsy,1428101147.0,3,0,0
cq0fwnz,t3_31bcsf,pics,cathdog888,1428101451.0,3,0,0
cq0g95v,t3_31bcsf,pics,deimodos,1428102125.0,3,0,0
cq0gcmy,t3_31bcsf,pics,American83,1428102317.0,3,0,0
cq0geb8,t3_31bcsf,pics,ANTELOGI,1428102413.0,3,0,0
cq0gst3,t3_31bcsf,pics,charlesp22,1428103222.0,3,0,0
cq0gt6z,t3_31bcsf,pics,jimjim150,1428103242.0,3,0,0
cq0gwrn,t3_31bcsf,pics,DoNothingRobot,1428103441.0,3,0,0
cq0hir0,t3_31bcsf,pics,nropotdetcidda,1428104678.0,3,0,0
cq0hqe0,t3_31bcsf,pics,LinksMilkBottle,1428105123.0,3,0,0
cq0i1lv,t3_31bcsf,pics,FooBear408,1428105771.0,3,0,0
cq0j3h1,t3_31bcsf,pics,AdvancedLoser,1428108027.0,3,0,0
cq0jg4s,t3_31bcsf,pics,Rex9,1428108798.0,3,0,0
cq0jr67,t3_31bcsf,pics,FacingFears,1428109456.0,3,0,0
cq0jyfp,t3_31bcsf,pics,knock-out,1428109903.0,3,0,0
cq0k6hb,t3_31bcsf,pics,thiagovscoelho,1428110386.0,3,0,0
cq0kcwl,t3_31bcsf,pics,stareynite,1428110775.0,3,0,0
cq0kf8l,t3_31bcsf,pics,Tokyo__Drifter,1428110911.0,3,0,0
cq0kvz7,t3_31bcsf,pics,HiFiCreams,1428111913.0,3,0,0
cq0lmpx,t3_31bcsf,pics,srbicro,1428113564.0,3,0,0
cq0lswg,t3_31bcsf,pics,Macfrogg,1428113943.0,3,0,0
cq0qtcz,t3_31bcsf,pics,get_shrekd,1428126640.0,3,0,0
cq0yx3r,t3_31bcsf,pics,DeepSixxx,1428158713.0,3,0,0
cqj3y9g,t3_31bcsf,pics,benfromgr,1429576278.0,3,0,0
cqmj6k9,t3_31bcsf,pics,mobydank420,1429828990.0,3,0,0
cqqsu8i,t3_31bcsf,pics,Daxen123,1430176172.0,3,0,0
cqt7f37,t3_31bcsf,pics,slobonmyknobish,1430348067.0,3,0,0
ctrnrxu,t3_31bcsf,pics,FlatWoundStrings,1438728343.0,3,0,0
cv1jj49,t3_31bcsf,pics,charmandeross7,1442262782.0,3,0,0
cv25wgl,t3_31bcsf,pics,CloaknPoke,1442308461.0,3,0,0
cv39t8d,t1_cv25wgl,pics,mossikan,1442388290.0,2,0,0
cv87fm2,t3_31bcsf,pics,HBR10,1442778624.0,3,0,0
cv8hsms,t1_cv87fm2,pics,mossikan,1442795132.0,4,0,0
cq0dgfc,t3_31bcsf,pics,fosiacat,1428096828.0,3,0,0
cq08q6y,t3_31bcsf,pics,EAT_MY_DIARRHEA,1428088513.0,3,0,0
cq09dnx,t3_31bcsf,pics,Dukmon,1428089635.0,4,0,0
cq0bcbe,t1_cq09dnx,pics,mossikan,1428093066.0,7,0,0
cq0cfjt,t1_cq0bcbe,pics,LoveCheeze,1428094995.0,3,0,0
cq0adp6,t3_31bcsf,pics,savrox,1428091378.0,4,0,0
cq0dk4s,t3_31bcsf,pics,unfathomableuniverse,1428097021.0,4,0,0
cq0dkwy,t1_cq0dk4s,pics,mossikan,1428097061.0,11,0,0
cq0dpo2,t1_cq0dkwy,pics,aurelorba,1428097297.0,4,0,0
cq0hwaa,t1_cq0dpo2,pics,mossikan,1428105464.0,4,0,0
cq0a7i3,t3_31bcsf,pics,monkey_n_pig,1428091077.0,6,0,0
cq0olt7,t1_cq0a7i3,pics,twartooth,1428120479.0,4,0,0
cq0hf2x,t1_cq0a7i3,pics,CaptainPolio,1428104469.0,8,0,0
cq0apa1,t1_cq0a7i3,pics,mossikan,1428091941.0,25,0,0
cq06kyr,t3_31bcsf,pics,TheArmenian,1428084937.0,2,0,0
cq07mfo,t3_31bcsf,pics,allyouneedisluv,1428086655.0,2,0,0
cq086x6,t3_31bcsf,pics,Lord_Razgriz,1428087598.0,2,0,0
cq08ei0,t3_31bcsf,pics,Lonely_Toast,1428087955.0,2,0,0
cq08lnp,t3_31bcsf,pics,,1428088296.0,2,0,0
cq08v65,t3_31bcsf,pics,blore40,1428088751.0,2,0,0
cq08x1l,t3_31bcsf,pics,profetic,1428088841.0,2,0,0
cq08x2n,t3_31bcsf,pics,hastethis,1428088842.0,2,0,0
cq09emh,t3_31bcsf,pics,palindrome_is_not,1428089683.0,2,0,0
cq09fcc,t3_31bcsf,pics,nadim77389,1428089718.0,2,0,0
cq09fws,t3_31bcsf,pics,moldy_walrus,1428089745.0,2,0,0
cq09nwz,t3_31bcsf,pics,nuxxer,1428090128.0,2,0,0
cq09sce,t3_31bcsf,pics,queenofthemisfits,1428090343.0,2,0,0
cq09snj,t3_31bcsf,pics,chameleonarchreactor,1428090358.0,2,0,0
cq0a147,t3_31bcsf,pics,cadre_78,1428090765.0,2,0,0
cq0a1gg,t3_31bcsf,pics,JuryNightFury,1428090782.0,2,0,0
cq0a47o,t3_31bcsf,pics,Colonel_Angus_,1428090917.0,2,0,0
cq0aixo,t3_31bcsf,pics,blue_mushu,1428091633.0,2,0,0
cq0ap7b,t3_31bcsf,pics,DreamerRiver,1428091937.0,2,0,0
cq0apt0,t3_31bcsf,pics,oth3r,1428091965.0,2,0,0
cq0aq9h,t3_31bcsf,pics,blueshirtdave,1428091987.0,2,0,0
cq0at9g,t3_31bcsf,pics,aka_diana_prince,1428092137.0,2,0,0
cq0ax42,t3_31bcsf,pics,jensen_interceptors,1428092327.0,2,0,0
cq0axor,t3_31bcsf,pics,astronautassblaster,1428092356.0,2,0,0
cq0aybk,t3_31bcsf,pics,W00DERS0N,1428092386.0,2,0,0
cq0az0k,t3_31bcsf,pics,turgid_wang,1428092420.0,2,0,0
cq0b4jm,t3_31bcsf,pics,NickMaddoxSenzy,1428092689.0,2,0,0
cq0b5ct,t3_31bcsf,pics,nakedapedude,1428092729.0,2,0,0
cq0b5ug,t3_31bcsf,pics,Hashslingingslashar,1428092753.0,2,0,0
cq0b8f5,t3_31bcsf,pics,peatoire,1428092876.0,2,0,0
cq0bc8r,t3_31bcsf,pics,tomthecameraguy,1428093063.0,2,0,0
cq0bqc0,t3_31bcsf,pics,igloo27,1428093753.0,2,0,0
cq0br47,t3_31bcsf,pics,Suburb816,1428093790.0,2,0,0
cq0bu78,t3_31bcsf,pics,Rickster885,1428093941.0,2,0,0
cq0bwj1,t3_31bcsf,pics,aspbergerinparadise,1428094054.0,2,0,0
cq0bx6w,t3_31bcsf,pics,Coxrox171,1428094084.0,2,0,0
cq0bxlw,t3_31bcsf,pics,alemedo8,1428094105.0,2,0,0
cq0c0vh,t3_31bcsf,pics,TheGhizzi,1428094266.0,2,0,0
cq0c1cj,t3_31bcsf,pics,thetyh,1428094288.0,2,0,0
cq0c271,t3_31bcsf,pics,bodag,1428094330.0,2,0,0
cq0c4xc,t1_cq0c271,pics,mossikan,1428094460.0,3,0,0
cq0c2h1,t3_31bcsf,pics,tiddlycove,1428094341.0,2,0,0
cq0c5d1,t3_31bcsf,pics,masterobiwan,1428094481.0,2,0,0
cq0c7m7,t1_cq0c5d1,pics,mossikan,1428094597.0,3,0,0
cq0c5o1,t3_31bcsf,pics,Gioware,1428094497.0,2,0,0
cq0c5px,t3_31bcsf,pics,mrleebob,1428094500.0,2,0,0
cq0c6wk,t1_cq0c5px,pics,mossikan,1428094559.0,3,0,0
cq0cai4,t1_cq0c6wk,pics,mrleebob,1428094742.0,2,0,0
cq0c9ny,t3_31bcsf,pics,rareearthdoped,1428094701.0,2,0,0
cq0chpj,t3_31bcsf,pics,digitalpacman,1428095104.0,2,0,0
cq0cjbp,t3_31bcsf,pics,SHIT_IN_UR_CUNT,1428095184.0,2,0,0
cq0cl2n,t3_31bcsf,pics,Itch_the_ditch,1428095274.0,2,0,0
cq0cpfk,t1_cq0cl2n,pics,mossikan,1428095494.0,3,0,0
cq0clt5,t3_31bcsf,pics,yyyoke,1428095313.0,2,0,0
cq0coxc,t1_cq0clt5,pics,mossikan,1428095469.0,2,0,0
cq0cxee,t1_cq0coxc,pics,yyyoke,1428095889.0,2,0,0
cq0cnw9,t3_31bcsf,pics,leonryan,1428095418.0,2,0,0
cq0crxh,t1_cq0cnw9,pics,mossikan,1428095615.0,2,0,0
cq0codo,t3_31bcsf,pics,rikku28,1428095441.0,2,0,0
cq0crcs,t1_cq0codo,pics,mossikan,1428095586.0,2,0,0
cq0cpb1,t3_31bcsf,pics,,1428095487.0,2,0,0
cq0cplp,t3_31bcsf,pics,n0thing_remains,1428095502.0,2,0,0
cq0ctot,t1_cq0cplp,pics,mossikan,1428095703.0,2,0,0
cq0cxx1,t3_31bcsf,pics,Cydoniagenesis,1428095916.0,2,0,0
cq0cz5v,t3_31bcsf,pics,raflcopter,1428095977.0,2,0,0
cq0d41b,t1_cq0cz5v,pics,mossikan,1428096214.0,3,0,0
cq0d19e,t3_31bcsf,pics,MeiCaiKouRou,1428096080.0,2,0,0
cq0d3v1,t3_31bcsf,pics,sklb,1428096205.0,2,0,0
cq0d452,t3_31bcsf,pics,Partican,1428096219.0,2,0,0
cq0d8b8,t3_31bcsf,pics,imnotabus,1428096425.0,2,0,0
cq0d98k,t3_31bcsf,pics,,1428096472.0,2,0,0
cq0dcvz,t3_31bcsf,pics,ReppeMetSeppe,1428096653.0,2,0,0
cq0dd82,t3_31bcsf,pics,AWildAnonHasAppeared,1428096668.0,2,0,0
cq0dfho,t3_31bcsf,pics,clintock,1428096780.0,2,0,0
cq0dfvx,t3_31bcsf,pics,aravena,1428096799.0,2,0,0
cq0dgr0,t3_31bcsf,pics,coffeeINJECTION,1428096845.0,2,0,0
cq0dhk2,t3_31bcsf,pics,,1428096886.0,2,0,0
cq0dhkk,t3_31bcsf,pics,Mei_dong,1428096887.0,2,0,0
cq0dht0,t3_31bcsf,pics,baxbaum,1428096899.0,2,0,0
cq0dhv5,t3_31bcsf,pics,fungussa,1428096902.0,2,0,0
cq0di3c,t3_31bcsf,pics,DeMoNzIx,1428096915.0,2,0,0
cq0difu,t3_31bcsf,pics,cdsackett,1428096932.0,2,0,0
cq0do2t,t1_cq0difu,pics,mossikan,1428097219.0,4,0,0
cq0diq5,t3_31bcsf,pics,NoThanksBye,1428096947.0,2,0,0
cq0dizf,t3_31bcsf,pics,Siodhachan1,1428096960.0,2,0,0
cq0dmlq,t1_cq0dizf,pics,mossikan,1428097146.0,3,0,0
cq0djmi,t3_31bcsf,pics,inert_blue,1428096995.0,2,0,0
cq0djp9,t3_31bcsf,pics,,1428096999.0,2,0,0
cq0djq1,t3_31bcsf,pics,Arbitrage84,1428096999.0,2,0,0
cq0dlc6,t1_cq0djq1,pics,mossikan,1428097082.0,3,0,0
cq0dk1l,t3_31bcsf,pics,PolishKatie,1428097016.0,2,0,0
cq0dli4,t3_31bcsf,pics,MrDL104,1428097090.0,2,0,0
cq0dlnw,t3_31bcsf,pics,BloomingtonFPV,1428097099.0,2,0,0
cq0dlut,t3_31bcsf,pics,,1428097108.0,2,0,0
cq0dlxq,t3_31bcsf,pics,tajmer,1428097112.0,2,0,0
cq0dlyc,t3_31bcsf,pics,amesann,1428097113.0,2,0,0
cq0dmfm,t3_31bcsf,pics,VelvetBlue,1428097136.0,2,0,0
cq0dpon,t1_cq0dmfm,pics,mossikan,1428097298.0,3,0,0
cq0dmm1,t3_31bcsf,pics,_UpstateNYer_,1428097146.0,2,0,0
cq0dn29,t3_31bcsf,pics,mmichaeljjjfoxxx,1428097168.0,2,0,0
cq0dow6,t1_cq0dn29,pics,mossikan,1428097259.0,4,0,0
cq0dnnc,t3_31bcsf,pics,Psychoprozac,1428097197.0,2,0,0
cq0dols,t3_31bcsf,pics,juseMx43,1428097244.0,2,0,0
cq0dpcv,t3_31bcsf,pics,recremen,1428097282.0,2,0,0
cq0dxqt,t1_cq0dpcv,pics,mossikan,1428097700.0,4,0,0
cq0dq9z,t3_31bcsf,pics,MrJyaki,1428097328.0,2,0,0
cq0dqcu,t3_31bcsf,pics,Harleygold,1428097331.0,2,0,0
cq0dqpm,t3_31bcsf,pics,RoninShinobu,1428097350.0,2,0,0
cq0dqx5,t3_31bcsf,pics,thisismyMelody,1428097360.0,2,0,0
cq0dr73,t3_31bcsf,pics,Ruht_Roh,1428097374.0,2,0,0
cq0dwdw,t1_cq0dr73,pics,mossikan,1428097631.0,4,0,0
cq0dr9r,t3_31bcsf,pics,loptthetreacherous,1428097378.0,2,0,0
cq0drjf,t3_31bcsf,pics,SimonSays_,1428097390.0,2,0,0
cq0drqi,t3_31bcsf,pics,CharlieTango,1428097399.0,2,0,0
cq0ds27,t3_31bcsf,pics,graymatter86,1428097415.0,2,0,0
cq0ds2y,t3_31bcsf,pics,TonyPlush306,1428097416.0,2,0,0
cq0ds49,t3_31bcsf,pics,,1428097417.0,2,0,0
cq0duq4,t1_cq0ds49,pics,mossikan,1428097549.0,3,0,0
cq0ds50,t3_31bcsf,pics,aerovistae,1428097418.0,2,0,0
cq0ds73,t3_31bcsf,pics,avidworks,1428097421.0,2,0,0
cq0dsgb,t3_31bcsf,pics,,1428097434.0,2,0,0
cq0dsld,t3_31bcsf,pics,codexofthesun,1428097440.0,2,0,0
cq0i4cd,t1_cq0dsld,pics,mossikan,1428105933.0,3,0,0
